[
  {
    "en": "Afghanistan",
    "ca": "Afganistan",
    "da": "Afghanistan",
    "de": "Afghanistan",
    "es": "Afganistán",
    "fr": "Afghanistan",
    "hu": "Afganisztán",
    "it": "Afghanistan",
    "lt": "Afganistanas",
    "nb": "Afghanistan",
    "nl": "Afghanistan",
    "pl": "Afganistan",
    "pt": "Afeganistão",
    "sv": "Afghanistan",
    "tel": 93
  },
  {
    "en": "Albania",
    "ca": "Albània",
    "da": "Albanien",
    "de": "Albanien",
    "es": "Albania",
    "fr": "Albanie",
    "hu": "Albánia",
    "it": "Albania",
    "lt": "Albanija",
    "nb": "Albania",
    "nl": "Albanië",
    "pl": "Albania",
    "pt": "Albânia",
    "sv": "Albanien",
    "tel": 355
  },
  {
    "en": "Algeria",
    "ca": "Algèria",
    "da": "Algeriet",
    "de": "Algerien",
    "es": "Argelia",
    "fr": "Algérie",
    "hu": "Algéria",
    "it": "Algeria",
    "lt": "Alžyras",
    "nb": "Algerie",
    "nl": "Algerije",
    "pl": "Algieria",
    "pt": "Argélia",
    "sv": "Algeriet",
    "tel": 213
  },
  {
    "en": "American Samoa",
    "ca": "Samoa Nord-Americana",
    "da": "Amerikansk Samoa",
    "de": "Amerikanische Samoa-Inseln",
    "es": "Samoa Americana",
    "fr": "Samoa américaines",
    "hu": "Amerikai Szamoa",
    "it": "Samoa Americane",
    "lt": "Amerikos Samoa",
    "nb": "Amerikansk Samoa",
    "nl": "Amerikaans-Samoa",
    "pl": "Samoa Ameryka?skie",
    "pt": "Samoa Americana",
    "sv": "Amerikanska Samoa",
    "tel": 1685
  },
  {
    "en": "Andorra",
    "ca": "Andorra ",
    "da": "Andorra",
    "de": "Andorra",
    "es": "Andorra",
    "fr": "Andorre",
    "hu": "Andorra",
    "it": "Andorra",
    "lt": "Andora",
    "nb": "Andorra",
    "nl": "Andorra",
    "pl": "Andora",
    "pt": "Andorra",
    "sv": "Andorra",
    "tel": 376
  },
  {
    "en": "Angola",
    "ca": "Angola",
    "da": "Angola",
    "de": "Angola",
    "es": "Angola",
    "fr": "Angola",
    "hu": "Angola",
    "it": "Angola",
    "lt": "Angola",
    "nb": "Angola",
    "nl": "Angola",
    "pl": "Angola",
    "pt": "Angola",
    "sv": "Angola",
    "tel": 244
  },
  {
    "en": "Anguilla",
    "ca": "Anguilla",
    "da": "Anguilla",
    "de": "Anguilla",
    "es": "Anguila",
    "fr": "Anguilla",
    "hu": "Anguilla",
    "it": "Anguilla",
    "lt": "Angilija",
    "nb": "Anguilla",
    "nl": "Anguilla",
    "pl": "Anguilla",
    "pt": "Anguila",
    "sv": "Anguilla",
    "tel": 1264
  },
  {
    "en": "Antarctica",
    "ca": "Antàrtida",
    "da": "Antarktis",
    "de": "Antarktika",
    "es": "Antártida",
    "fr": "Antarctique",
    "hu": "Antarktisz",
    "it": "Antartide",
    "lt": "Antarktida",
    "nb": "Antarktis",
    "nl": "Antarctica",
    "pl": "Antarktyka",
    "pt": "Antárctica",
    "sv": "Antarktis",
    "tel": 672
  },
  {
    "en": "Antigua and Barbuda",
    "ca": "Antigua i Barbuda",
    "da": "Antigua og Barbuda",
    "de": "Antigua und Barbuda",
    "es": "Antigua y Barbuda",
    "fr": "Antigua-et-Barbuda",
    "hu": "Antigua és Barbuda",
    "it": "Antigua e Barbuda",
    "lt": "Antigva ir Barbuda",
    "nb": "Antigua og Barbuda",
    "nl": "Antigua en Barbuda",
    "pl": "Antigua i Barbuda",
    "pt": "Antígua e Barbuda",
    "sv": "Antigua och Barbuda",
    "tel": 1268
  },
  {
    "en": "Argentina/Argentine Republic",
    "ca": "República Argentina",
    "da": "Argentina",
    "de": "Argentinien",
    "es": "Argentina",
    "fr": "République argentine",
    "hu": "Argentin Köztársaság",
    "it": "Repubblica Argentina",
    "lt": "Argentina",
    "nb": "Republikken Argentina",
    "nl": "Argentinië",
    "pl": "Argentyna",
    "pt": "República Argentina",
    "sv": "Argentina",
    "tel": 54
  },
  {
    "en": "Armenia",
    "ca": "Armènia",
    "da": "Armenien",
    "de": "Armenien",
    "es": "Armenia",
    "fr": "Arménie",
    "hu": "Örményország",
    "it": "Armenia",
    "lt": "Arm?nija",
    "nb": "Armenia",
    "nl": "Armenië",
    "pl": "Armenia",
    "pt": "Arménia",
    "sv": "Armenien",
    "tel": 374
  },
  {
    "en": "Aruba",
    "ca": "Aruba",
    "da": "Aruba",
    "de": "Aruba",
    "es": "Aruba",
    "fr": "Aruba",
    "hu": "Aruba",
    "it": "Aruba",
    "lt": "Aruba",
    "nb": "Aruba",
    "nl": "Aruba",
    "pl": "Aruba",
    "pt": "Aruba",
    "sv": "Aruba",
    "tel": 297
  },
  {
    "en": "Ascension Island",
    "ca": "Illa de l'Ascensió",
    "da": "Ascension",
    "de": "Ascension",
    "es": "Isla Ascensión",
    "fr": "Île de l’Ascension",
    "hu": "Ascension-sziget",
    "it": "Isola Ascensione",
    "lt": "Dangun Žengimo sala",
    "nb": "Ascension",
    "nl": "Ascension",
    "pl": "Wyspa Wniebowst?pienia",
    "pt": "Ilha da Ascensão",
    "sv": "Ascension",
    "tel": 247
  },
  {
    "en": "Australia",
    "ca": "Austràlia",
    "da": "Australien",
    "de": "Australien",
    "es": "Australia",
    "fr": "Australie",
    "hu": "Ausztrália",
    "it": "Australia",
    "lt": "Australija",
    "nb": "Australia",
    "nl": "Australië",
    "pl": "Australia",
    "pt": "Austrália",
    "sv": "Australien",
    "tel": 61
  },
  {
    "en": "Australian External Territories",
    "ca": "Territoris externs d'Austràlia",
    "da": "Australiens eksterne territorier",
    "de": "Externe australische Territorien",
    "es": "Territorios exteriores de Australia",
    "fr": "Territoires externes australiens",
    "hu": "Ausztrália küls? területei",
    "it": "Territori esterni australiani",
    "lt": "Australijos išorin?s teritorijos",
    "nb": "Australske eksterne territorier",
    "nl": "Australische Externe Territoria",
    "pl": "Australijskie Terytoria Zewn?trzne",
    "pt": "Territórios Externos da Austrália",
    "sv": "Externa australiska territorier",
    "tel": 672
  },
  {
    "en": "Austria",
    "ca": "Àustria",
    "da": "Østrig",
    "de": "Österreich",
    "es": "Austria",
    "fr": "Autriche",
    "hu": "Ausztria",
    "it": "Austria",
    "lt": "Austrija",
    "nb": "Østerrike",
    "nl": "Oostenrijk",
    "pl": "Austria",
    "pt": "Áustria",
    "sv": "Österrike",
    "tel": 43
  },
  {
    "en": "Azerbaijan/Republic of Azerbaijan",
    "ca": "República de l'Azerbaidjan",
    "da": "Aserbajdsjan",
    "de": "Aserbaidschan",
    "es": "Azerbaiyán",
    "fr": "République d'Azerbaïdjan",
    "hu": "Azerbajdzsáni Köztársaság",
    "it": "Azerbaigian",
    "lt": "Azerbaidžanas",
    "nb": "Aserbajdsjan",
    "nl": "Azerbeidzjan",
    "pl": "Republika Azerbejd?anu",
    "pt": "República do Azerbaijão",
    "sv": "Azerbajdzjan",
    "tel": 994
  },
  {
    "en": "Bahamas",
    "ca": "Bahames",
    "da": "Bahamas",
    "de": "Bahamas",
    "es": "Bahamas",
    "fr": "Bahamas",
    "hu": "Bahama-szigetek",
    "it": "Bahamas",
    "lt": "Bahamos",
    "nb": "Bahamas",
    "nl": "Bahama's",
    "pl": "Bahamy",
    "pt": "Bahamas",
    "sv": "Bahamas",
    "tel": 1242
  },
  {
    "en": "Bahrain",
    "ca": "Bahrain",
    "da": "Bahrain",
    "de": "Bahrain",
    "es": "Bahréin",
    "fr": "Bahreïn",
    "hu": "Bahrein",
    "it": "Bahrein",
    "lt": "Bahreinas",
    "nb": "Bahrain",
    "nl": "Bahrein",
    "pl": "Bahrajn",
    "pt": "Barém",
    "sv": "Bahrain",
    "tel": 973
  },
  {
    "en": "Bangladesh",
    "ca": "Bangla Desh",
    "da": "Bangladesh",
    "de": "Bangladesch",
    "es": "Bangladesh",
    "fr": "Bangladesh",
    "hu": "Banglades",
    "it": "Bangladesh",
    "lt": "Bangladešas",
    "nb": "Bangladesh",
    "nl": "Bangladesh",
    "pl": "Bangladesz",
    "pt": "Bangladeche",
    "sv": "Bangladesh",
    "tel": 880
  },
  {
    "en": "Barbados",
    "ca": "Barbados",
    "da": "Barbados",
    "de": "Barbados",
    "es": "Barbados",
    "fr": "Barbade",
    "hu": "Barbados",
    "it": "Barbados",
    "lt": "Barbadosas",
    "nb": "Barbados",
    "nl": "Barbados",
    "pl": "Barbados",
    "pt": "Barbados",
    "sv": "Barbados",
    "tel": 1246
  },
  {
    "en": "Belarus",
    "ca": "Bielorússia",
    "da": "Hviderusland",
    "de": "Weißrussland",
    "es": "Bielorrusia",
    "fr": "Biélorussie",
    "hu": "Fehéroroszország",
    "it": "Bielorussia",
    "lt": "Baltarusija",
    "nb": "Hviterussland",
    "nl": "Wit-Rusland",
    "pl": "Bia?oru?",
    "pt": "Bielorrússia",
    "sv": "Vitryssland",
    "tel": 375
  },
  {
    "en": "Belgium ",
    "ca": "Bèlgica ",
    "da": "Belgien ",
    "de": "Belgien ",
    "es": "Bélgica ",
    "fr": "Belgique ",
    "hu": "Belgium ",
    "it": "Belgio ",
    "lt": "Belgija ",
    "nb": "Belgia ",
    "nl": "België ",
    "pl": "Belgia ",
    "pt": "Bélgica ",
    "sv": "Belgien ",
    "tel": 32
  },
  {
    "en": "Belize",
    "ca": "Belize",
    "da": "Belize",
    "de": "Belize",
    "es": "Belice",
    "fr": "Belize",
    "hu": "Belize",
    "it": "Belize",
    "lt": "Belizas",
    "nb": "Belize",
    "nl": "Belize",
    "pl": "Belize",
    "pt": "Belize",
    "sv": "Belize",
    "tel": 501
  },
  {
    "en": "Benin",
    "ca": "Benín",
    "da": "Benin",
    "de": "Benin",
    "es": "Benín",
    "fr": "Bénin",
    "hu": "Benin",
    "it": "Benin",
    "lt": "Beninas",
    "nb": "Benin",
    "nl": "Benin",
    "pl": "Benin",
    "pt": "Benim",
    "sv": "Benin",
    "tel": 229
  },
  {
    "en": "Bermuda",
    "ca": "Bermudes",
    "da": "Bermuda",
    "de": "Bermuda",
    "es": "Bermudas",
    "fr": "Bermudes",
    "hu": "Bermuda",
    "it": "Bermuda",
    "lt": "Bermudai",
    "nb": "Bermuda",
    "nl": "Bermuda",
    "pl": "Bermudy",
    "pt": "Bermudas",
    "sv": "Bermuda",
    "tel": 1441
  },
  {
    "en": "Bhutan",
    "ca": "Bhutan",
    "da": "Bhutan",
    "de": "Bhutan",
    "es": "Bután",
    "fr": "Bhoutan",
    "hu": "Bhután",
    "it": "Bhutan",
    "lt": "Butanas",
    "nb": "Bhutan",
    "nl": "Bhutan",
    "pl": "Bhutan",
    "pt": "Butão",
    "sv": "Bhutan",
    "tel": 975
  },
  {
    "en": "Bolivia",
    "ca": "Bolívia",
    "da": "Bolivia",
    "de": "Bolivien",
    "es": "Bolivia",
    "fr": "Bolivie",
    "hu": "Bolívia",
    "it": "Bolivia",
    "lt": "Bolivija",
    "nb": "Bolivia",
    "nl": "Bolivia",
    "pl": "Boliwia",
    "pt": "Bolívia",
    "sv": "Bolivia",
    "tel": 591
  },
  {
    "en": "Bosnia and Herzegovina",
    "ca": "Bòsnia i Hercegovina",
    "da": "Bosnien og Hercegovina",
    "de": "Bosnien und Herzegowina",
    "es": "Bosnia y Herzegovina",
    "fr": "Bosnie-Herzégovine",
    "hu": "Bosznia-Hercegovina",
    "it": "Bosnia-Erzegovina",
    "lt": "Bosnija ir Hercegovina",
    "nb": "Bosnia-Hercegovina",
    "nl": "Bosnië-Herzegovina",
    "pl": "Bo?nia i Hercegowina",
    "pt": "Bósnia-Herzegovina",
    "sv": "Bosnien-Hercegovina",
    "tel": 387
  },
  {
    "en": "Botswana",
    "ca": "Botswana",
    "da": "Botswana",
    "de": "Botswana",
    "es": "Botsuana",
    "fr": "Botswana",
    "hu": "Botswana",
    "it": "Botswana",
    "lt": "Botsvana",
    "nb": "Botswana",
    "nl": "Botswana",
    "pl": "Botswana",
    "pt": "Botsuana",
    "sv": "Botswana",
    "tel": 267
  },
  {
    "en": "Brazil",
    "ca": "Brasil",
    "da": "Brasilien",
    "de": "Brasilien",
    "es": "Brasil",
    "fr": "Brésil",
    "hu": "Brazília",
    "it": "Brasile",
    "lt": "Brazilija",
    "nb": "Brasil",
    "nl": "Brazilië",
    "pl": "Brazylia",
    "pt": "Brasil",
    "sv": "Brasilien",
    "tel": 55
  },
  {
    "en": "British Virgin Islands",
    "ca": "Illes Verges Britàniques",
    "da": "Britiske Jomfruøer",
    "de": "Britische Jungferninseln",
    "es": "Islas Vírgenes Británicas",
    "fr": "Îles Vierges britanniques",
    "hu": "Brit Virgin-szigetek",
    "it": "Isole Vergini britanniche",
    "lt": "Mergeli? Salos (Didžioji Britanija)",
    "nb": "De britiske jomfruøyene",
    "nl": "Britse Maagdeneilanden",
    "pl": "Brytyjskie Wyspy Dziewicze",
    "pt": "Ilhas Virgens Britânicas",
    "sv": "Brittiska Jungfruöarna",
    "tel": 1284
  },
  {
    "en": "Brunei Darussalam",
    "ca": "Brunei Darussalam",
    "da": "Brunei Darussalam",
    "de": "Brunei Darussalam",
    "es": "Brunéi Darussalam",
    "fr": "Brunei Darussalam",
    "hu": "Brunei Darussalam",
    "it": "Brunei Darussalam",
    "lt": "Brun?jaus Darusalamas",
    "nb": "Brunei Darussalam",
    "nl": "Brunei Darussalam",
    "pl": "Brunei Darussalam",
    "pt": "Brunei Darussalam",
    "sv": "Brunei Darussalam",
    "tel": 673
  },
  {
    "en": "Bulgaria",
    "ca": "Bulgària",
    "da": "Bulgarien",
    "de": "Bulgarien",
    "es": "Bulgaria",
    "fr": "Bulgarie",
    "hu": "Bulgária",
    "it": "Bulgaria",
    "lt": "Bulgarija",
    "nb": "Bulgaria",
    "nl": "Bulgarije",
    "pl": "Bu?garia",
    "pt": "Bulgária",
    "sv": "Bulgarien",
    "tel": 359
  },
  {
    "en": "Burkina Faso",
    "ca": "Burkina Faso",
    "da": "Burkina Faso",
    "de": "Burkina Faso",
    "es": "Burkina Faso",
    "fr": "Burkina Faso",
    "hu": "Burkina Faso",
    "it": "Burkina Faso",
    "lt": "Burkina Fasas",
    "nb": "Burkina Faso",
    "nl": "Burkina Faso",
    "pl": "Burkina Faso",
    "pt": "Burkina Faso",
    "sv": "Burkina Faso",
    "tel": 226
  },
  {
    "en": "Burundi",
    "ca": "Burundi",
    "da": "Burundi",
    "de": "Burundi",
    "es": "Burundi",
    "fr": "Burundi",
    "hu": "Burundi",
    "it": "Burundi",
    "lt": "Burundis",
    "nb": "Burundi",
    "nl": "Burundi",
    "pl": "Burundi",
    "pt": "Burundi",
    "sv": "Burundi",
    "tel": 257
  },
  {
    "en": "Cambodia",
    "ca": "Cambodja",
    "da": "Cambodja",
    "de": "Kambodscha",
    "es": "Camboya",
    "fr": "Cambodge",
    "hu": "Kambodzsa",
    "it": "Cambogia",
    "lt": "Kambodža",
    "nb": "Kambodsja",
    "nl": "Cambodja",
    "pl": "Kambod?a",
    "pt": "Camboja",
    "sv": "Kambodja",
    "tel": 855
  },
  {
    "en": "Cameroon",
    "ca": "Camerun",
    "da": "Cameroun",
    "de": "Kamerun",
    "es": "Camerún",
    "fr": "Cameroun",
    "hu": "Kamerun",
    "it": "Camerun",
    "lt": "Kamer?nas",
    "nb": "Kamerun",
    "nl": "Kameroen",
    "pl": "Kamerun",
    "pt": "Camarões",
    "sv": "Kamerun",
    "tel": 237
  },
  {
    "en": "Canada",
    "ca": "Canadà",
    "da": "Canada",
    "de": "Kanada",
    "es": "Canadá",
    "fr": "Canada",
    "hu": "Kanada",
    "it": "Canada",
    "lt": "Kanada",
    "nb": "Canada",
    "nl": "Canada",
    "pl": "Kanada",
    "pt": "Canadá",
    "sv": "Kanada",
    "tel": 1
  },
  {
    "en": "Cape Verde/Cabo Verde",
    "ca": "Cap Verd",
    "da": "Kap Verde",
    "de": "Cap Verde",
    "es": "Cabo Verde",
    "fr": "Cap-Vert",
    "hu": "Zöld-foki Köztársaság",
    "it": "Capo Verde",
    "lt": "Žaliasis Kyšulys",
    "nb": "Kapp Verde",
    "nl": "Kaapverdië",
    "pl": "Wyspy Zielonego Przyl?dka",
    "pt": "Cabo Verde",
    "sv": "Kap Verde",
    "tel": 238
  },
  {
    "en": "Cayman Islands",
    "ca": "Illes Caiman",
    "da": "Caymanøerne",
    "de": "Cayman-Inseln",
    "es": "Islas Caimán",
    "fr": "Îles Caïmans",
    "hu": "Kajmán-szigetek",
    "it": "Isole Cayman",
    "lt": "Kaiman? salos",
    "nb": "Caymanøyene",
    "nl": "Kaaimaneilanden",
    "pl": "Kajmany",
    "pt": "Ilhas Caimão",
    "sv": "Caymanöarna",
    "tel": 1345
  },
  {
    "en": "Central African Republic",
    "ca": "República Centreafricana",
    "da": "Centralafrikanske Republik",
    "de": "Zentralafrikanische Republik",
    "es": "República Centroafricana",
    "fr": "République centrafricaine",
    "hu": "Közép-afrikai Köztársaság",
    "it": "Repubblica centrafricana",
    "lt": "Centrin?s Afrikos Respublika",
    "nb": "Den sentralafrikanske republikk",
    "nl": "Centraal Afrikaanse Republiek",
    "pl": "Republika ?rodkowoafryka?ska",
    "pt": "República Centro-Africana",
    "sv": "Centralafrikanska Republiken",
    "tel": 236
  },
  {
    "en": "Chad",
    "ca": "Txad",
    "da": "Tchad",
    "de": "Tschad",
    "es": "Chad",
    "fr": "Tchad",
    "hu": "Csád",
    "it": "Ciad",
    "lt": "?adas",
    "nb": "Tsjad",
    "nl": "Tsjaad",
    "pl": "Czad",
    "pt": "Chade",
    "sv": "Tchad",
    "tel": 235
  },
  {
    "en": "Chile",
    "ca": "Xile",
    "da": "Chile",
    "de": "Chile",
    "es": "Chile",
    "fr": "Chili",
    "hu": "Chile",
    "it": "Cile",
    "lt": "?il?",
    "nb": "Chile",
    "nl": "Chili",
    "pl": "Chile",
    "pt": "Chile",
    "sv": "Chile",
    "tel": 56
  },
  {
    "en": "China",
    "ca": "Xina",
    "da": "Kina",
    "de": "China",
    "es": "China",
    "fr": "Chine",
    "hu": "Kína",
    "it": "Cina",
    "lt": "Kinija",
    "nb": "Kina",
    "nl": "China",
    "pl": "Chiny",
    "pt": "China",
    "sv": "Kina",
    "tel": 86
  },
  {
    "en": "Colombia",
    "ca": "Colòmbia",
    "da": "Colombia",
    "de": "Kolumbien",
    "es": "Colombia",
    "fr": "Colombie",
    "hu": "Kolumbia",
    "it": "Colombia",
    "lt": "Kolumbija",
    "nb": "Colombia",
    "nl": "Colombia",
    "pl": "Kolumbia",
    "pt": "Colômbia",
    "sv": "Colombia",
    "tel": 57
  },
  {
    "en": "Comoros",
    "ca": "Comores",
    "da": "Comorerne",
    "de": "Komoren",
    "es": "Comoras",
    "fr": "Comores",
    "hu": "Comore-szigetek",
    "it": "Comore",
    "lt": "Komorai",
    "nb": "Komorene",
    "nl": "Comoren",
    "pl": "Komory",
    "pt": "Comores",
    "sv": "Comoros",
    "tel": 269
  },
  {
    "en": "Republic of the Congo",
    "ca": "República del Congo",
    "da": "Republikken Congo",
    "de": "Republik Kongo",
    "es": "República del Congo",
    "fr": "République du Congo",
    "hu": "Kongói Köztársaság",
    "it": "Repubblica del Congo",
    "lt": "Kongo Respublika",
    "nb": "Republikken Kongo",
    "nl": "Republiek Congo",
    "pl": "Republika Konga",
    "pt": "República do Congo",
    "sv": "Kongo-Brazzaville",
    "tel": 242
  },
  {
    "en": "Democratic Republic of the Congo",
    "ca": "República Democràtica del Congo",
    "da": "Demokratiske Republik Congo",
    "de": "Demokratische Republik Kongo",
    "es": "República Democrática del Congo",
    "fr": "République démocratique du Congo",
    "hu": "Kongói Demokratikus Köztársaság",
    "it": "Repubblica Democratica del Congo",
    "lt": "Kongo Demokratin? Respublika",
    "nb": "Den demokratiske republikken Kongo",
    "nl": "Democratische Republiek Congo",
    "pl": "Demokratyczna Republika Konga",
    "pt": "República Democrática do Congo",
    "sv": "Kongo-Kinshasa",
    "tel": 243
  },
  {
    "en": "Cook Islands",
    "ca": "Illes Cook",
    "da": "Cookøerne",
    "de": "Cookinseln",
    "es": "Islas Cook",
    "fr": "Îles Cook",
    "hu": "Cook-szigetek",
    "it": "Isole Cook",
    "lt": "Kuko Salos",
    "nb": "Cookøyene",
    "nl": "Cookeilanden",
    "pl": "Wyspy Cooka",
    "pt": "Ilhas Cook",
    "sv": "Cooköarna",
    "tel": 682
  },
  {
    "en": "Costa Rica",
    "ca": "Costa Rica",
    "da": "Costa Rica",
    "de": "Costa Rica",
    "es": "Costa Rica",
    "fr": "Costa Rica",
    "hu": "Costa Rica",
    "it": "Costa Rica",
    "lt": "Kosta Rika",
    "nb": "Costa Rica",
    "nl": "Costa Rica",
    "pl": "Kostaryka",
    "pt": "Costa Rica",
    "sv": "Costa Rica",
    "tel": 506
  },
  {
    "en": "Ivory Coast/Côte d'Ivoire",
    "ca": "Costa d'Ivori",
    "da": "Elfenbenskysten",
    "de": "Elfenbeinküste",
    "es": "Costa de Marfil",
    "fr": "Côte d’Ivoire",
    "hu": "Elefántcsontpart",
    "it": "Costa d’Avorio",
    "lt": "Dramblio Kaulo Krantas",
    "nb": "Elfenbenskysten",
    "nl": "Ivoorkust",
    "pl": "Wybrze?e Ko?ci S?oniowej",
    "pt": "Costa do Marfim",
    "sv": "Elfenbenskusten",
    "tel": 225
  },
  {
    "en": "Croatia",
    "ca": "Croàcia",
    "da": "Kroatien",
    "de": "Kroatien",
    "es": "Croacia",
    "fr": "Croatie",
    "hu": "Horvátország",
    "it": "Croazia",
    "lt": "Kroatija",
    "nb": "Kroatia",
    "nl": "Kroatië",
    "pl": "Chorwacja",
    "pt": "Croácia",
    "sv": "Kroatien",
    "tel": 385
  },
  {
    "en": "Cuba",
    "ca": "Cuba",
    "da": "Cuba",
    "de": "Kuba",
    "es": "Cuba",
    "fr": "Cuba",
    "hu": "Kuba",
    "it": "Cuba",
    "lt": "Kuba",
    "nb": "Cuba",
    "nl": "Cuba",
    "pl": "Kuba",
    "pt": "Cuba",
    "sv": "Kuba",
    "tel": 53
  },
  {
    "en": "Cyprus",
    "ca": "Xipre",
    "da": "Cypern",
    "de": "Zypern",
    "es": "Chipre",
    "fr": "Chypre",
    "hu": "Ciprus",
    "it": "Cipro",
    "lt": "Kipras",
    "nb": "Kypros",
    "nl": "Cyprus",
    "pl": "Cypr",
    "pt": "Chipre",
    "sv": "Cypern",
    "tel": 357
  },
  {
    "en": "Czech Republic",
    "ca": "República Txeca",
    "da": "Tjekkiet",
    "de": "Tschechien",
    "es": "República Checa",
    "fr": "République tchèque",
    "hu": "Cseh Köztársaság",
    "it": "Repubblica Ceca",
    "lt": "?ekija",
    "nb": "Tsjekkia",
    "nl": "Tsjechië",
    "pl": "Czechy",
    "pt": "República Checa",
    "sv": "Tjeckien",
    "tel": 420
  },
  {
    "en": "North Korea/Democratic Republic of Korea",
    "ca": "Corea del Nord/República Democràtica de Corea",
    "da": "Nordkorea/Den Demokratiske Folkerepublik Korea",
    "de": "Nordkorea/Demokratische Republik Korea",
    "es": "Corea del Norte/República Popular Democrática de Corea",
    "fr": "Corée du Nord/République démocratique de Corée",
    "hu": "Észak-Korea/Koreai Népi Demokratikus Köztársaság",
    "it": "Corea del Nord",
    "lt": "Kor?jos Liaudies Demokratin? Respublika (Šiaur?s Kor?ja)",
    "nb": "Nord-Korea/Den demokratiske folkerepublikken Korea",
    "nl": "Noord-Korea/Democratische Volksrepubliek Korea",
    "pl": "Korea Pó?nocna/Demokratyczna Republika Korei",
    "pt": "Coreia do Norte/República Democrática da Coreia",
    "sv": "Nordkorea",
    "tel": 850
  },
  {
    "en": "East Timor/Democratic Republic of Timor-Leste",
    "ca": "Timor Oriental/República Democràtica de Timor Oriental",
    "da": "Østtimor/Timor-Leste",
    "de": "Osttimor/Demokratische Republik Timor Leste",
    "es": "Timor Oriental/República Democrática de Timor Oriental",
    "fr": "Timor oriental/République démocratique du Timor oriental",
    "hu": "Kelet-Timor/Kelet-timori Demokratikus Köztársaság",
    "it": "Timor Est",
    "lt": "Ryt? Timoro Demokratin? Respublika",
    "nb": "Øst-Timor/Den demokratiske republikken Øst-Timor",
    "nl": "Oost-Timor/Democratische Republiek Oost-Timor",
    "pl": "Timor Wschodni/Demokratyczna Republika Timoru Wschodniego",
    "pt": "Timor Leste/República Democrática de Timor-Leste",
    "sv": "Össttimor",
    "tel": 670
  },
  {
    "en": "Denmark",
    "ca": "Dinamarca",
    "da": "Danmark",
    "de": "Dänemark",
    "es": "Dinamarca",
    "fr": "Danemark",
    "hu": "Dánia",
    "it": "Danimarca",
    "lt": "Danija",
    "nb": "Danmark",
    "nl": "Denemarken",
    "pl": "Dania",
    "pt": "Dinamarca",
    "sv": "Danmark",
    "tel": 45
  },
  {
    "en": "Diego Garcia",
    "ca": "Diego García",
    "da": "Diego Garcia",
    "de": "Diego Garcia",
    "es": "Diego García",
    "fr": "Diego Garcia",
    "hu": "Diego Garcia",
    "it": "Diego Garcia",
    "lt": "Diego Garsija",
    "nb": "Diego Garcia",
    "nl": "Diego Garcia",
    "pl": "Diego Garcia",
    "pt": "Diego Garcia",
    "sv": "Diego Garcia",
    "tel": 246
  },
  {
    "en": "Djibouti",
    "ca": "Djibouti",
    "da": "Djibouti",
    "de": "Dschibuti",
    "es": "Yibuti",
    "fr": "Djibouti",
    "hu": "Dzsibuti",
    "it": "Gibuti",
    "lt": "Džibutis",
    "nb": "Djibouti",
    "nl": "Djibouti",
    "pl": "D?ibuti",
    "pt": "Djibuti",
    "sv": "Djibouti",
    "tel": 253
  },
  {
    "en": "Dominica",
    "ca": "Dominica",
    "da": "Dominica",
    "de": "Dominica",
    "es": "Dominica",
    "fr": "Dominique",
    "hu": "Dominika",
    "it": "Dominica",
    "lt": "Dominika",
    "nb": "Dominica",
    "nl": "Dominica",
    "pl": "Dominika",
    "pt": "Domínica",
    "sv": "Dominica",
    "tel": 1767
  },
  {
    "en": "Dominican Republic",
    "ca": "República Dominicana",
    "da": "Dominikanske Republik",
    "de": "Dominikanische Republik",
    "es": "República Dominicana",
    "fr": "République dominicaine",
    "hu": "Dominikai Köztársaság",
    "it": "Repubblica Dominicana",
    "lt": "Dominikos Respublika",
    "nb": "Den dominikanske republikk",
    "nl": "Dominicaanse Republiek",
    "pl": "Dominikana",
    "pt": "República Dominicana",
    "sv": "Dominikanska republiken",
    "tel": 1809
  },
  {
    "en": "Ecuador",
    "ca": "Equador",
    "da": "Ecuador",
    "de": "Ecuador",
    "es": "Ecuador",
    "fr": "Équateur",
    "hu": "Ecuador",
    "it": "Ecuador",
    "lt": "Ekvadoras",
    "nb": "Ecuador",
    "nl": "Ecuador",
    "pl": "Ekwador",
    "pt": "Equador",
    "sv": "Ecuador",
    "tel": 593
  },
  {
    "en": "Egypt",
    "ca": "Egipte",
    "da": "Egypten",
    "de": "Ägypten",
    "es": "Egipto",
    "fr": "Égypte",
    "hu": "Egyiptom",
    "it": "Egitto",
    "lt": "Egiptas",
    "nb": "Egypt",
    "nl": "Egypte",
    "pl": "Egipt",
    "pt": "Egito",
    "sv": "Egypten",
    "tel": 20
  },
  {
    "en": "El Salvador",
    "ca": "El Salvador",
    "da": "El Salvador",
    "de": "El Salvador",
    "es": "El Salvador",
    "fr": "Salvador",
    "hu": "Salvador",
    "it": "El Salvador",
    "lt": "Salvadoras",
    "nb": "El Salvador",
    "nl": "El Salvador",
    "pl": "Salwador",
    "pt": "Salvador",
    "sv": "El Salvador",
    "tel": 503
  },
  {
    "en": "Equatorial Guinea",
    "ca": "Guinea Equatorial",
    "da": "Ækvatorialguinea",
    "de": "Äquatorialguinea",
    "es": "Guinea Ecuatorial",
    "fr": "Guinée équatoriale",
    "hu": "Egyenlít?i-Guinea",
    "it": "Guinea Equatoriale",
    "lt": "Pusiaujo Gvin?ja",
    "nb": "Ekvatorial-Guinea",
    "nl": "Equatoriaal-Guinea",
    "pl": "Gwinea Równikowa",
    "pt": "Guiné Equatorial",
    "sv": "Ekvatorialguinea",
    "tel": 240
  },
  {
    "en": "Eritrea",
    "ca": "Eritrea",
    "da": "Eritrea",
    "de": "Eritrea",
    "es": "Eritrea",
    "fr": "Érythrée",
    "hu": "Eritrea",
    "it": "Eritrea",
    "lt": "Eritr?ja",
    "nb": "Eritrea",
    "nl": "Eritrea",
    "pl": "Erytrea",
    "pt": "Eritreia",
    "sv": "Eritrea",
    "tel": 291
  },
  {
    "en": "Estonia",
    "ca": "Estònia",
    "da": "Estland",
    "de": "Estland",
    "es": "Estonia",
    "fr": "Estonie",
    "hu": "Észtország",
    "it": "Estonia",
    "lt": "Estija",
    "nb": "Estland",
    "nl": "Estland",
    "pl": "Estonia",
    "pt": "Estónia",
    "sv": "Estland",
    "tel": 372
  },
  {
    "en": "Ethiopia",
    "ca": "Etiòpia",
    "da": "Etiopien",
    "de": "Äthiopien",
    "es": "Etiopía",
    "fr": "Éthiopie",
    "hu": "Etiópia",
    "it": "Etiopia",
    "lt": "Etiopija",
    "nb": "Etiopia",
    "nl": "Ethiopië",
    "pl": "Etiopia",
    "pt": "Etiópia",
    "sv": "Etiopien",
    "tel": 251
  },
  {
    "en": "Falkland Islands",
    "ca": "Illes Malvines",
    "da": "Falklandsøerne",
    "de": "Falklandinseln",
    "es": "Islas Malvinas",
    "fr": "Îles Malouines",
    "hu": "Falkland-szigetek",
    "it": "Isole Falkland",
    "lt": "Folklando salos",
    "nb": "Falklandsøyene",
    "nl": "Falklandeilanden",
    "pl": "Falklandy",
    "pt": "Ilhas Falkland",
    "sv": "Falklandsöarna",
    "tel": 500
  },
  {
    "en": "Faroe Islands",
    "ca": "Illes Fèroe",
    "da": "Færøerne",
    "de": "Färöer",
    "es": "Islas Feroe",
    "fr": "Îles Féroé",
    "hu": "Feröer-szigetek",
    "it": "Isole Faroe",
    "lt": "Farerai",
    "nb": "Færøyene",
    "nl": "Faeröer",
    "pl": "Wyspy Owcze",
    "pt": "Ilhas Faroé",
    "sv": "Färöarna",
    "tel": 298
  },
  {
    "en": "Fiji",
    "ca": "Fiji",
    "da": "Fiji",
    "de": "Fidschi",
    "es": "Fiyi",
    "fr": "Fidji",
    "hu": "Fidzsi-szigetek",
    "it": "Fiji",
    "lt": "Fidžis",
    "nb": "Fiji",
    "nl": "Fiji",
    "pl": "Fid?i",
    "pt": "Fiji",
    "sv": "Fiji",
    "tel": 679
  },
  {
    "en": "Finland",
    "ca": "Finlàndia",
    "da": "Finland",
    "de": "Finnland",
    "es": "Finlandia",
    "fr": "Finlande",
    "hu": "Finnország",
    "it": "Finlandia",
    "lt": "Suomija",
    "nb": "Finland",
    "nl": "Finland",
    "pl": "Finlandia",
    "pt": "Finlândia",
    "sv": "Finland",
    "tel": 358
  },
  {
    "en": "France",
    "ca": "França",
    "da": "Frankrig",
    "de": "Frankreich",
    "es": "Francia",
    "fr": "France",
    "hu": "Franciaország",
    "it": "Francia",
    "lt": "Pranc?zija",
    "nb": "Frankrike",
    "nl": "Frankrijk",
    "pl": "Francja",
    "pt": "França",
    "sv": "Frankrike",
    "tel": 33
  },
  {
    "en": "French Guiana",
    "ca": "Guaiana Francesa",
    "da": "Fransk Guyana",
    "de": "Französisch-Guayana",
    "es": "Guayana Francesa",
    "fr": "Guyane",
    "hu": "Francia Guyana",
    "it": "Guyana Francese",
    "lt": "Pranc?zijos Gviana",
    "nb": "Fransk Guyana",
    "nl": "Frans-Guyana",
    "pl": "Gujana Francuska",
    "pt": "Guiana Francesa",
    "sv": "Franska Guyana",
    "tel": 594
  },
  {
    "en": "French Polynesia",
    "ca": "Polinèsia Francesa",
    "da": "Frank Polynesien",
    "de": "Französisch-Polynesien",
    "es": "Polinesia Francesa",
    "fr": "Polynésie française",
    "hu": "Francia Polinézia",
    "it": "Polinesia Francese",
    "lt": "Pranc?zijos Polinezija",
    "nb": "Fransk Polynesia",
    "nl": "Frans-Polynesië",
    "pl": "Polinezja Francuska",
    "pt": "Polinésia Francesa",
    "sv": "Franska Polynesien",
    "tel": 689
  },
  {
    "en": "Gabon",
    "ca": "Gabon",
    "da": "Gabon",
    "de": "Gabun",
    "es": "Gabón",
    "fr": "Gabon",
    "hu": "Gabon",
    "it": "Gabon",
    "lt": "Gabonas",
    "nb": "Gabon",
    "nl": "Gabon",
    "pl": "Gabon",
    "pt": "Gabão",
    "sv": "Gabon",
    "tel": 241
  },
  {
    "en": "Gambia",
    "ca": "Gàmbia",
    "da": "Gambia",
    "de": "Gambia",
    "es": "Gambia",
    "fr": "Gambie",
    "hu": "Gambia",
    "it": "Gambia",
    "lt": "Gambija",
    "nb": "Gambia",
    "nl": "Gambia",
    "pl": "Gambia",
    "pt": "Gâmbia",
    "sv": "Gambia",
    "tel": 220
  },
  {
    "en": "Georgia",
    "ca": "Geòrgia",
    "da": "Georgien",
    "de": "Georgien",
    "es": "Georgia",
    "fr": "Géorgie",
    "hu": "Grúzia",
    "it": "Georgia",
    "lt": "Gruzija",
    "nb": "Georgia",
    "nl": "Georgië",
    "pl": "Gruzja",
    "pt": "Geórgia",
    "sv": "Georgien",
    "tel": 995
  },
  {
    "en": "Germany",
    "ca": "Alemanya",
    "da": "Tyskland",
    "de": "Deutschland",
    "es": "Alemania",
    "fr": "Allemagne",
    "hu": "Németország",
    "it": "Germania",
    "lt": "Vokietija",
    "nb": "Tyskland",
    "nl": "Duitsland",
    "pl": "Niemcy",
    "pt": "Alemanha",
    "sv": "Tyskland",
    "tel": 49
  },
  {
    "en": "Ghana",
    "ca": "Ghana",
    "da": "Ghana",
    "de": "Ghana",
    "es": "Ghana",
    "fr": "Ghana",
    "hu": "Ghána",
    "it": "Ghana",
    "lt": "Gana",
    "nb": "Ghana",
    "nl": "Ghana",
    "pl": "Ghana",
    "pt": "Gana",
    "sv": "Ghana",
    "tel": 233
  },
  {
    "en": "Gibraltar",
    "ca": "Gibraltar",
    "da": "Gibraltar",
    "de": "Gibraltar",
    "es": "Gibraltar",
    "fr": "Gibraltar",
    "hu": "Gibraltár",
    "it": "Gibilterra",
    "lt": "Gibraltaras",
    "nb": "Gibraltar",
    "nl": "Gibraltar",
    "pl": "Gibraltar",
    "pt": "Gibraltar",
    "sv": "Gibraltar",
    "tel": 350
  },
  {
    "en": "Greece",
    "ca": "Grècia",
    "da": "Grækenland",
    "de": "Griechenland",
    "es": "Grecia",
    "fr": "Grèce",
    "hu": "Görögország",
    "it": "Grecia",
    "lt": "Graikija",
    "nb": "Hellas",
    "nl": "Griekenland",
    "pl": "Grecja",
    "pt": "Grécia",
    "sv": "Grekland",
    "tel": 30
  },
  {
    "en": "Greenland",
    "ca": "Groenlàndia",
    "da": "Grønland",
    "de": "Grönland",
    "es": "Groenlandia",
    "fr": "Groenland",
    "hu": "Grönland",
    "it": "Groenlandia",
    "lt": "Grenlandija",
    "nb": "Grønland",
    "nl": "Groenland",
    "pl": "Grenlandia",
    "pt": "Gronelândia",
    "sv": "Grönland",
    "tel": 299
  },
  {
    "en": "Grenada",
    "ca": "Grenada",
    "da": "Grenada",
    "de": "Grenada",
    "es": "Granada",
    "fr": "Grenade",
    "hu": "Grenada",
    "it": "Grenada",
    "lt": "Grenada",
    "nb": "Grenada",
    "nl": "Grenada",
    "pl": "Grenada",
    "pt": "Granada",
    "sv": "Grenada",
    "tel": 1473
  },
  {
    "en": "Guadeloupe",
    "ca": "Guadalupe",
    "da": "Guadeloupe",
    "de": "Guadeloupe",
    "es": "Guadalupe",
    "fr": "Guadeloupe",
    "hu": "Guadeloupe",
    "it": "Guadalupa",
    "lt": "Gvadelupa",
    "nb": "Guadeloupe",
    "nl": "Guadeloupe",
    "pl": "Gwadelupa",
    "pt": "Guadalupe",
    "sv": "Guadeloupe",
    "tel": 590
  },
  {
    "en": "Guam",
    "ca": "Guam",
    "da": "Guam",
    "de": "Guam",
    "es": "Guam",
    "fr": "Guam",
    "hu": "Guam",
    "it": "Guam",
    "lt": "Guamas",
    "nb": "Guam",
    "nl": "Guam",
    "pl": "Guam",
    "pt": "Guame",
    "sv": "Guam",
    "tel": 1671
  },
  {
    "en": "Guatemala",
    "ca": "Guatemala",
    "da": "Guatemala",
    "de": "Guatemala",
    "es": "Guatemala",
    "fr": "Guatemala",
    "hu": "Guatemala",
    "it": "Guatemala",
    "lt": "Gvatemala",
    "nb": "Guatemala",
    "nl": "Guatemala",
    "pl": "Gwatemala",
    "pt": "Guatemala",
    "sv": "Guatemala",
    "tel": 502
  },
  {
    "en": "Guinea",
    "ca": "Guinea",
    "da": "Guinea",
    "de": "Guinea",
    "es": "Guinea",
    "fr": "Guinée",
    "hu": "Guinea",
    "it": "Guinea",
    "lt": "Gvin?ja",
    "nb": "Guinea",
    "nl": "Guinee",
    "pl": "Gwinea",
    "pt": "Guiné",
    "sv": "Guinea",
    "tel": 224
  },
  {
    "en": "Guinea-Bissau",
    "ca": "Guinea Bissau",
    "da": "Guinea-Bissau",
    "de": "Guinea-Bissau",
    "es": "Guinea-Bisáu",
    "fr": "Guinée-Bissau",
    "hu": "Bissau-Guinea",
    "it": "Guinea-Bissau",
    "lt": "Bisau Gvin?ja",
    "nb": "Guinea-Bissau",
    "nl": "Guinee-Bissau",
    "pl": "Gwinea Bissau",
    "pt": "Guiné-Bissau",
    "sv": "Guinea-Bissau",
    "tel": 245
  },
  {
    "en": "Guyana",
    "ca": "Guyana",
    "da": "Guyana",
    "de": "Guyana",
    "es": "Guyana",
    "fr": "Guyana",
    "hu": "Guyana",
    "it": "Guyana",
    "lt": "Gajana",
    "nb": "Guyana",
    "nl": "Guyana",
    "pl": "Gujana",
    "pt": "Guiana",
    "sv": "Guyana",
    "tel": 592
  },
  {
    "en": "Haiti",
    "ca": "Haití",
    "da": "Haiti",
    "de": "Haiti",
    "es": "Haití",
    "fr": "Haïti",
    "hu": "Haiti",
    "it": "Haiti",
    "lt": "Haitis",
    "nb": "Haiti",
    "nl": "Haïti",
    "pl": "Haiti",
    "pt": "Haiti",
    "sv": "Haiti",
    "tel": 509
  },
  {
    "en": "Honduras",
    "ca": "Hondures",
    "da": "Honduras",
    "de": "Honduras",
    "es": "Honduras",
    "fr": "Honduras",
    "hu": "Honduras",
    "it": "Honduras",
    "lt": "Hond?ras",
    "nb": "Honduras",
    "nl": "Honduras",
    "pl": "Honduras",
    "pt": "Honduras",
    "sv": "Honduras",
    "tel": 504
  },
  {
    "en": "Hong Kong",
    "ca": "Hong Kong",
    "da": "Hong Kong",
    "de": "Hongkong",
    "es": "Hong Kong",
    "fr": "Hong Kong",
    "hu": "Hongkong",
    "it": "Hong Kong",
    "lt": "Honkongas",
    "nb": "Hongkong",
    "nl": "Hong Kong",
    "pl": "Hongkong",
    "pt": "Hong Kong",
    "sv": "Hongkong",
    "tel": 852
  },
  {
    "en": "Hungary",
    "ca": "Hongria",
    "da": "Ungarn",
    "de": "Ungarn",
    "es": "Hungría",
    "fr": "Hongrie",
    "hu": "Magyarország",
    "it": "Ungheria",
    "lt": "Vengrija",
    "nb": "Ungarn",
    "nl": "Hongarije",
    "pl": "W?gry",
    "pt": "Hungria",
    "sv": "Ungern",
    "tel": 36
  },
  {
    "en": "Iceland",
    "ca": "Islàndia",
    "da": "Island",
    "de": "Island",
    "es": "Islandia",
    "fr": "Islande",
    "hu": "Izland",
    "it": "Islanda",
    "lt": "Islandija",
    "nb": "Island",
    "nl": "IJsland",
    "pl": "Islandia",
    "pt": "Islândia",
    "sv": "Island",
    "tel": 354
  },
  {
    "en": "India",
    "ca": "Índia",
    "da": "Indien",
    "de": "Indien",
    "es": "India",
    "fr": "Inde",
    "hu": "India",
    "it": "India",
    "lt": "Indija",
    "nb": "India",
    "nl": "Indië",
    "pl": "Indie",
    "pt": "Índia",
    "sv": "Indien",
    "tel": 91
  },
  {
    "en": "Indonesia",
    "ca": "Indonèsia",
    "da": "Indonesien",
    "de": "Indonesien",
    "es": "Indonesia",
    "fr": "Indonésie",
    "hu": "Indonézia",
    "it": "Indonesia",
    "lt": "Indonezija",
    "nb": "Indonesia",
    "nl": "Indonesië",
    "pl": "Indonezja",
    "pt": "Indonésia",
    "sv": "Indonesien",
    "tel": 62
  },
  {
    "en": "Inmarsat (Atlantic Ocean-East) *",
    "ca": "Inmarsat (Oceà Atlàntic oriental) *",
    "da": "Inmarsat (Atlanterhavet - øst) *",
    "de": "Inmarsat (Atlantik Ost) *",
    "es": "Inmarsat (océano Índico oriental) *",
    "fr": "Inmarsat (Océan Atlantique - Est) *",
    "hu": "Inmarsat (Kelet-Atlanti-óceán) *",
    "it": "Inmarsat (oceano Atlantico-Est) *",
    "lt": "Inmarsat Atlanto vandenynas – Rytai*",
    "nb": "Inmarsat (Atlanterhavet øst) *",
    "nl": "Inmarsat (Atlantische Oceaan-Oost) *",
    "pl": "Inmarsat (wschód Oceanu Atlantyckiego) *",
    "pt": "Inmarsat (Oceano Atlântico-Oriental) *",
    "sv": "Inmarsat (Atlanen – östra) *",
    "tel": 871
  },
  {
    "en": "Inmarsat (Atlantic Ocean-West) *",
    "ca": "Inmarsat (Oceà Atlàntic occidental) *",
    "da": "Inmarsat (Atlanterhavet - vest) *",
    "de": "Inmarsat (Atlantik West) *",
    "es": "Inmarsat (océano Índico occidental) *",
    "fr": "Inmarsat (Océan Atlantique - Ouest) *",
    "hu": "Inmarsat (Nyugat-Atlanti-óceán) *",
    "it": "Inmarsat (oceano Atlantico-Ovest) *",
    "lt": "Inmarsat Atlanto vandenynas – Vakarai*",
    "nb": "Inmarsat (Atlanterhavet vest) *",
    "nl": "Inmarsat (Atlantische Oceaan-West) *",
    "pl": "Inmarsat (zachód Oceanu Atlantyckiego) *",
    "pt": "Inmarsat (Oceano Atlântico-Ocidental) *",
    "sv": "Inmarsat (Atlanen – västra) *",
    "tel": 874
  },
  {
    "en": "Inmarsat (Indian Ocean) *",
    "ca": "Inmarsat (Oceà Índic) *",
    "da": "Inmarsat (Indiske Ocean) *",
    "de": "Inmarsat (Indischer Ozean) *",
    "es": "Inmarsat (océano Índico) *",
    "fr": "Inmarsat (Océan Indien) *",
    "hu": "Inmarsat (Indiai-óceán) *",
    "it": "Inmarsat (oceano Indiano) *",
    "lt": "Inmarsat Indijos vandenynas*",
    "nb": "Inmarsat (Indiahavet) *",
    "nl": "Inmarsat (Indische Oceaan) *",
    "pl": "Inmarsat (Ocean Indyjski) *",
    "pt": "Inmarsat (Oceano Índico) *",
    "sv": "Inmarsat (Indiska oceanen) *",
    "tel": 873
  },
  {
    "en": "Inmarsat (Pacific Ocean) *",
    "ca": "Inmarsat (Oceà Pacífic) *",
    "da": "Inmarsat (Stillehavet) *",
    "de": "Inmarsat (Pazifik) *",
    "es": "Inmarsat (océano Pacífico) *",
    "fr": "Inmarsat (Océan Pacifique) *",
    "hu": "Inmarsat (Csendes-óceán) *",
    "it": "Inmarsat (oceano Pacifico) *",
    "lt": "Inmarsat Ramusis vandenynas*",
    "nb": "Inmarsat (Stillehavet) *",
    "nl": "Inmarsat (Stille Oceaan) *",
    "pl": "Inmarsat (Pacyfik) *",
    "pt": "Inmarsat (Oceano Pacífico) *",
    "sv": "Inmarsat (Stilla havet) *",
    "tel": 872
  },
  {
    "en": "Inmarsat SNAC *",
    "ca": "Inmarsat SNAC * (Codi d'accés a xarxa únic)",
    "da": "Inmarsat SNAC *",
    "de": "Inmarsat SNAC *",
    "es": "Inmarsat SNAC *",
    "fr": "Inmarsat SNAC *",
    "hu": "Inmarsat SNAC *",
    "it": "Inmarsat SNAC *",
    "lt": "Inmarsat SNAC*",
    "nb": "Inmarsat SNAC *",
    "nl": "Inmarsat SNAC *",
    "pl": "Inmarsat SNAC *",
    "pt": "Inmarsat SNAC *",
    "sv": "Inmarsat SNAC *",
    "tel": 870
  },
  {
    "en": "International Freephone Service *",
    "ca": "",
    "da": "",
    "de": "",
    "es": "",
    "fr": "",
    "hu": "",
    "it": "",
    "lt": "",
    "nb": "",
    "nl": "",
    "pl": "",
    "pt": "",
    "sv": "",
    "tel": 800
  },
  {
    "en": "International Networks *",
    "ca": "Xarxes internacionals *",
    "da": "Internationale netværk *",
    "de": "Internationale Netze *",
    "es": "Redes Internacionales *",
    "fr": "Réseaux internationaux *",
    "hu": "Nemzetközi hálózatok *",
    "it": "Reti internazionali *",
    "lt": "Tarptautiniai tinklai*",
    "nb": "Internasjonale nettverk *",
    "nl": "Internationale Netwerken *",
    "pl": "Sieci mi?dzynarodowe *",
    "pt": "Redes Internacionais *",
    "sv": "Internationella nätverk *",
    "tel": 882
  },
  {
    "en": "International Premium Rate Service (IPRS) *",
    "ca": "Servei internacional de tarifa premium (IPRS) *",
    "da": "International premiumrate-service (IPRS) *",
    "de": "Internationale hochpreisige Servicenummern (IPRS) *",
    "es": "Servicio Internacional con Recargo (IPRS) *",
    "fr": "Service tarif premium international (International Premium Rate Service, IPRS)",
    "hu": "Nemzetközi emelt díjas szolgáltatás (IPRS) *",
    "it": "Servizio internazionale a tariffe premium (IPRS) *",
    "lt": "Tarptautini? padidinto tarifo pokalbi? telefonu paslaugos (IPRS)*",
    "nb": "Internasjonal premiumrate-service (IPRS) *",
    "nl": "Internationaal Servicenummer (IPRS) *",
    "pl": "Us?uga mi?dzynarodowych po??cze? premium (International Premium Rate Service, IPRS) *",
    "pt": "International Premium Rate Service (IPRS) (Serviço Internacional de Tarifas Premium *",
    "sv": "International Premium Rate Service (IPRS) *",
    "tel": 979
  },
  {
    "en": "International Shared Cost Service (ISCS) *",
    "ca": "Servei internacional amb pagament compartit (ISCS) *",
    "da": "International delt betalingsservice (ISCS) *",
    "de": "Internationale Service-Dienste (ISCS) *",
    "es": "Servicio Internacional con Pago Compartido (ISCS) *",
    "fr": "Service coûts partagés international (International Shared Cost Service, ISCS) *",
    "hu": "Nemzetközi megosztott díjas szolgáltatás (ISCS) *",
    "it": "Servizio internazionale ad addebito ripartito del costo (ISCS) *",
    "lt": "Tarptautini? bendrai finansuojam? pokalbi? telefonu paslaugos (ISCS)*",
    "nb": "Internasjonal delt kostnad-service (ISCS) *",
    "nl": "Internationaal Informatienummer (ISCS) *",
    "pl": "Us?uga mi?dzynarodowych po??cze? o stawkach dzielonych (International Shared Cost Service, ISCS) *",
    "pt": "International Shared Cost Service (ISCS) (Serviço Internacional com Custos Partilhados) *",
    "sv": "International Shared Cost Service (ISCS) *",
    "tel": 808
  },
  {
    "en": "Iran",
    "ca": "Iran",
    "da": "Iran",
    "de": "Iran",
    "es": "Irán",
    "fr": "Iran",
    "hu": "Irán",
    "it": "Iran",
    "lt": "Iranas",
    "nb": "Iran",
    "nl": "Iran",
    "pl": "Iran",
    "pt": "Irão",
    "sv": "Iran",
    "tel": 98
  },
  {
    "en": "Iraq",
    "ca": "Iraq",
    "da": "Irak",
    "de": "Irak",
    "es": "Irak",
    "fr": "Irak",
    "hu": "Irak",
    "it": "Iraq",
    "lt": "Irakas",
    "nb": "Irak",
    "nl": "Irak",
    "pl": "Irak",
    "pt": "Iraque",
    "sv": "Irak",
    "tel": 964
  },
  {
    "en": "Ireland",
    "ca": "Irlanda",
    "da": "Irland",
    "de": "Irland",
    "es": "Irlanda",
    "fr": "Irlande",
    "hu": "Írország",
    "it": "Irlanda",
    "lt": "Airija",
    "nb": "Irland",
    "nl": "Ierland",
    "pl": "Irlandia",
    "pt": "Irlanda",
    "sv": "Irland",
    "tel": 353
  },
  {
    "en": "Israel",
    "ca": "Israel",
    "da": "Israel",
    "de": "Israel",
    "es": "Israel",
    "fr": "Israël",
    "hu": "Izrael",
    "it": "Israele",
    "lt": "Izraelis",
    "nb": "Israel",
    "nl": "Israël",
    "pl": "Izrael",
    "pt": "Israel",
    "sv": "Israel",
    "tel": 972
  },
  {
    "en": "Italy",
    "ca": "Itàlia",
    "da": "Italien",
    "de": "Italien",
    "es": "Italia",
    "fr": "Italie",
    "hu": "Olaszország",
    "it": "Italia",
    "lt": "Italija",
    "nb": "Italia",
    "nl": "Italië",
    "pl": "W?ochy",
    "pt": "Itália",
    "sv": "Italien",
    "tel": 39
  },
  {
    "en": "Jamaica",
    "ca": "Jamaica",
    "da": "Jamaica",
    "de": "Jamaika",
    "es": "Jamaica",
    "fr": "Jamaïque",
    "hu": "Jamaica",
    "it": "Giamaica",
    "lt": "Jamaika",
    "nb": "Jamaica",
    "nl": "Jamaica",
    "pl": "Jamajka",
    "pt": "Jamaica",
    "sv": "Jamaica",
    "tel": 1876
  },
  {
    "en": "Japan",
    "ca": "Japó",
    "da": "Japan",
    "de": "Japan",
    "es": "Japón",
    "fr": "Japon",
    "hu": "Japán",
    "it": "Giappone",
    "lt": "Japonija",
    "nb": "Japan",
    "nl": "Japan",
    "pl": "Japonia",
    "pt": "Japão",
    "sv": "Japan",
    "tel": 81
  },
  {
    "en": "Jordan",
    "ca": "Jordània",
    "da": "Jordan",
    "de": "Jordanien",
    "es": "Jordania",
    "fr": "Jordanie",
    "hu": "Jordánia",
    "it": "Giordania",
    "lt": "Jordanija",
    "nb": "Jordan",
    "nl": "Jordanië",
    "pl": "Jordania",
    "pt": "Jordânia",
    "sv": "Jordanien",
    "tel": 962
  },
  {
    "en": "Kazakhstan",
    "ca": "Kazakhstan",
    "da": "Kasakhstan",
    "de": "Kasachstan",
    "es": "Kazajstán",
    "fr": "Kazakhstan",
    "hu": "Kazahsztán",
    "it": "Kazakistan",
    "lt": "Kazachstanas",
    "nb": "Kasakhstan",
    "nl": "Kazachstan",
    "pl": "Kazachstan",
    "pt": "Cazaquistão",
    "sv": "Kazakstan",
    "tel": 7
  },
  {
    "en": "Kenya",
    "ca": "Kenya",
    "da": "Kenya",
    "de": "Kenia",
    "es": "Kenia",
    "fr": "Kenya",
    "hu": "Kenya",
    "it": "Kenya",
    "lt": "Kenija",
    "nb": "Kenya",
    "nl": "Kenia",
    "pl": "Kenia",
    "pt": "Quénia",
    "sv": "Kenya",
    "tel": 254
  },
  {
    "en": "Kiribati",
    "ca": "Kiribati",
    "da": "Kiribati",
    "de": "Kiribati",
    "es": "Kiribati",
    "fr": "Kiribati",
    "hu": "Kiribati",
    "it": "Kiribati",
    "lt": "Kiribatis",
    "nb": "Kiribati",
    "nl": "Kiribati",
    "pl": "Kiribati",
    "pt": "Quiribáti",
    "sv": "Kiribati",
    "tel": 686
  },
  {
    "en": "Korea/Republic of Korea",
    "ca": "",
    "da": "",
    "de": "",
    "es": "",
    "fr": "",
    "hu": "",
    "it": "",
    "lt": "",
    "nb": "",
    "nl": "",
    "pl": "",
    "pt": "",
    "sv": "",
    "tel": 82
  },
  {
    "en": "Kosovo",
    "ca": "Kosovo",
    "da": "Kosovo",
    "de": "Kosovo",
    "es": "Kosovo",
    "fr": "Kosovo",
    "hu": "Koszovó",
    "it": "Kosovo",
    "lt": "Kosovas",
    "nb": "Kosovo",
    "nl": "Kosovo",
    "pl": "Kosowo",
    "pt": "Kosovo",
    "sv": "Kosovo",
    "tel": 381
  },
  {
    "en": "Kuwait",
    "ca": "Kuwait",
    "da": "Kuwait",
    "de": "Kuwait",
    "es": "Kuwait",
    "fr": "Koweït",
    "hu": "Kuvait",
    "it": "Kuwait",
    "lt": "Kuveitas",
    "nb": "Kuwait",
    "nl": "Koeweit",
    "pl": "Kuwejt",
    "pt": "Koweit",
    "sv": "Kuwait",
    "tel": 965
  },
  {
    "en": "Kyrgyzstan/Kyrgyz Republic",
    "ca": "República del Kirguizistan",
    "da": "Kirgisistan",
    "de": "Kirgisistan",
    "es": "Kirguistán",
    "fr": "République kirghize",
    "hu": "Kirgiz Köztársaság",
    "it": "Kirghizistan",
    "lt": "Kirgizija",
    "nb": "Republikken Kirgisistan",
    "nl": "Kirgizië",
    "pl": "Kirgistan",
    "pt": "República Quirguiz",
    "sv": "Kirgizistan",
    "tel": 996
  },
  {
    "en": "Laos/ Lao People's Democratic Republic",
    "ca": "Laos",
    "da": "Laos/Den Demokratiske Folkerepublik Laos",
    "de": "Laos/Demokratische Volksrepublik Laos",
    "es": "Laos/ República Democrática Popular de Laos",
    "fr": "Laos/République démocratique populaire lao",
    "hu": "Laosz/ Laoszi Népi Demokratikus Köztársaság",
    "it": "Laos/ Repubblica Popolare Democratica del Laos",
    "lt": "Laoso Liaudies Demokratin? Respublika (Laosas)",
    "nb": "Laos/Laofolkets demokratiske folkerepublikk",
    "nl": "Laos/Democratische Volksrepubliek Laos",
    "pl": "Laos/Laota?ska Republika Ludowo-Demokratyczna",
    "pt": "Laos/ República Democrática Popular do Laos",
    "sv": "Laos",
    "tel": 856
  },
  {
    "en": "Latvia",
    "ca": "Letònia",
    "da": "Letland",
    "de": "Lettland",
    "es": "Letonia",
    "fr": "Lettonie",
    "hu": "Lettország",
    "it": "Lettonia",
    "lt": "Latvija",
    "nb": "Latvia",
    "nl": "Letland",
    "pl": "?otwa",
    "pt": "Letónia",
    "sv": "Lettland",
    "tel": 371
  },
  {
    "en": "Lebanon",
    "ca": "Líban",
    "da": "Libanon",
    "de": "Libanon",
    "es": "Líbano",
    "fr": "Liban",
    "hu": "Libanon",
    "it": "Libano",
    "lt": "Libanas",
    "nb": "Libanon",
    "nl": "Libanon",
    "pl": "Liban",
    "pt": "Líbano",
    "sv": "Libanon",
    "tel": 961
  },
  {
    "en": "Lesotho",
    "ca": "Lesotho",
    "da": "Lesotho",
    "de": "Lesotho",
    "es": "Lesoto",
    "fr": "Lesotho",
    "hu": "Lesotho",
    "it": "Lesotho",
    "lt": "Lesotas",
    "nb": "Lesotho",
    "nl": "Lesotho",
    "pl": "Lesotho",
    "pt": "Lesoto",
    "sv": "Lesotho",
    "tel": 266
  },
  {
    "en": "Liberia",
    "ca": "Libèria",
    "da": "Liberia",
    "de": "Liberia",
    "es": "Liberia",
    "fr": "Liberia",
    "hu": "Libéria",
    "it": "Liberia",
    "lt": "Liberija",
    "nb": "Liberia",
    "nl": "Liberia",
    "pl": "Liberia",
    "pt": "Libéria",
    "sv": "Liberia",
    "tel": 231
  },
  {
    "en": "Libya",
    "ca": "Líbia",
    "da": "Libyen",
    "de": "Libyen",
    "es": "Libia",
    "fr": "Libye",
    "hu": "Líbia",
    "it": "Libia",
    "lt": "Libija",
    "nb": "Libya",
    "nl": "Libië",
    "pl": "Libia",
    "pt": "Líbia",
    "sv": "Libyen",
    "tel": 218
  },
  {
    "en": "Liechtenstein",
    "ca": "Liechtenstein",
    "da": "Liechtenstein",
    "de": "Liechtenstein",
    "es": "Liechtenstein",
    "fr": "Liechtenstein",
    "hu": "Liechtenstein",
    "it": "Liechtenstein",
    "lt": "Lichtenšteinas",
    "nb": "Liechtenstein",
    "nl": "Liechtenstein",
    "pl": "Liechtenstein",
    "pt": "Liechtenstein",
    "sv": "Liechtenstein",
    "tel": 423
  },
  {
    "en": "Lithuania",
    "ca": "Lituània",
    "da": "Litauen",
    "de": "Litauen",
    "es": "Lituania",
    "fr": "Lituanie",
    "hu": "Litvánia",
    "it": "Lituania",
    "lt": "Lietuva",
    "nb": "Litauen",
    "nl": "Litouwen",
    "pl": "Litwa",
    "pt": "Lituânia",
    "sv": "Litauen",
    "tel": 370
  },
  {
    "en": "Luxembourg",
    "ca": "Luxemburg",
    "da": "Luxembourg",
    "de": "Luxemburg",
    "es": "Luxemburgo",
    "fr": "Luxembourg",
    "hu": "Luxemburg",
    "it": "Lussemburgo",
    "lt": "Liuksemburgas",
    "nb": "Luxembourg",
    "nl": "Luxemburg",
    "pl": "Luksemburg",
    "pt": "Luxemburgo",
    "sv": "Luxemburg",
    "tel": 352
  },
  {
    "en": "Macao",
    "ca": "Macau",
    "da": "Macao",
    "de": "Macau",
    "es": "Macao",
    "fr": "Macao",
    "hu": "Makaó",
    "it": "Macao",
    "lt": "Makao",
    "nb": "Macao",
    "nl": "Macao",
    "pl": "Makau",
    "pt": "Macau",
    "sv": "Macao",
    "tel": 853
  },
  {
    "en": "Madagascar",
    "ca": "Madagascar",
    "da": "Madagaskar",
    "de": "Madagaskar",
    "es": "Madagascar",
    "fr": "Madagascar",
    "hu": "Madagaszkár",
    "it": "Madagascar",
    "lt": "Madagaskaras",
    "nb": "Madagaskar",
    "nl": "Madagaskar",
    "pl": "Madagaskar",
    "pt": "Madagáscar",
    "sv": "Madagaskar",
    "tel": 261
  },
  {
    "en": "Malawi",
    "ca": "Malawi",
    "da": "Malawi",
    "de": "Malawi",
    "es": "Malaui",
    "fr": "Malawi",
    "hu": "Malawi",
    "it": "Malawi",
    "lt": "Malavis",
    "nb": "Malawi",
    "nl": "Malawi",
    "pl": "Malawi",
    "pt": "Maláui",
    "sv": "Malawi",
    "tel": 265
  },
  {
    "en": "Malaysia",
    "ca": "Malàisia",
    "da": "Malaysia",
    "de": "Malaysia",
    "es": "Malasia",
    "fr": "Malaisie",
    "hu": "Malajzia",
    "it": "Malesia",
    "lt": "Malaizija",
    "nb": "Malaysia",
    "nl": "Maleisië",
    "pl": "Malezja",
    "pt": "Malásia",
    "sv": "Malaysia",
    "tel": 60
  },
  {
    "en": "Maldives",
    "ca": "Maldives",
    "da": "Maldiverne",
    "de": "Malediven",
    "es": "Maldivas",
    "fr": "Maldives",
    "hu": "Maldív-szigetek",
    "it": "Maldive",
    "lt": "Maldyvai",
    "nb": "Maldivene",
    "nl": "Maldiven",
    "pl": "Malediwy",
    "pt": "Maldivas",
    "sv": "Maldiverna",
    "tel": 960
  },
  {
    "en": "Mali",
    "ca": "Mali",
    "da": "Mali",
    "de": "Mali",
    "es": "Mali",
    "fr": "Mali",
    "hu": "Mali",
    "it": "Mali",
    "lt": "Malis",
    "nb": "Mali",
    "nl": "Mali",
    "pl": "Mali",
    "pt": "Mali",
    "sv": "Mali",
    "tel": 223
  },
  {
    "en": "Malta",
    "ca": "Malta",
    "da": "Malta",
    "de": "Malta",
    "es": "Malta",
    "fr": "Malte",
    "hu": "Málta",
    "it": "Malta",
    "lt": "Malta",
    "nb": "Malta",
    "nl": "Malta",
    "pl": "Malta",
    "pt": "Malta",
    "sv": "Malta",
    "tel": 356
  },
  {
    "en": "Marshall Islands",
    "ca": "Illes Marshall",
    "da": "Marshalløerne",
    "de": "Marshallinseln",
    "es": "Islas Marshall",
    "fr": "Îles Marshall",
    "hu": "Marshall-szigetek",
    "it": "Isole Marshall",
    "lt": "Maršalo Salos",
    "nb": "Marshalløyene",
    "nl": "Marshalleilanden",
    "pl": "Wyspy Marshalla",
    "pt": "Ilhas Marshall",
    "sv": "Marshallöarna",
    "tel": 692
  },
  {
    "en": "Martinique (French Department of)/Martinique",
    "ca": "Martinica (Departament francès)",
    "da": "Martinique",
    "de": "Martinique (französisches Überseegebiet)",
    "es": "Martinica (Departamento de ultramar de Francia)",
    "fr": "Martinique (département français)",
    "hu": "Martinique (Franciaország megyéje)",
    "it": "Martinica (dipartimento francese di)",
    "lt": "Martinika (Pranc?zija)",
    "nb": "Martinique (Frankrikes departementer)",
    "nl": "Martinique (Franse departement)",
    "pl": "Martynika (departament Francji)",
    "pt": "Martinica (Departamento e Região Ultramarina da França)",
    "sv": "Martinique",
    "tel": 596
  },
  {
    "en": "Mauritania",
    "ca": "Mauritània",
    "da": "Mauretanien",
    "de": "Mauretanien",
    "es": "Mauritania",
    "fr": "Mauritanie",
    "hu": "Mauritánia",
    "it": "Mauritania",
    "lt": "Mauritanija",
    "nb": "Mauritania",
    "nl": "Mauritanië",
    "pl": "Mauretania",
    "pt": "Mauritânia",
    "sv": "Mauretanien",
    "tel": 222
  },
  {
    "en": "Mauritius",
    "ca": "Maurici",
    "da": "Mauritius",
    "de": "Mauritius",
    "es": "Mauricio",
    "fr": "Maurice",
    "hu": "Mauritius",
    "it": "Mauritius",
    "lt": "Mauricijus",
    "nb": "Mauritius",
    "nl": "Mauritius",
    "pl": "Mauritius",
    "pt": "Maurícia",
    "sv": "Mauritius",
    "tel": 230
  },
  {
    "en": "Mayotte",
    "ca": "Mayotte",
    "da": "Mayotte",
    "de": "Mayotte",
    "es": "Mayotte",
    "fr": "Mayotte",
    "hu": "Mayotte",
    "it": "Mayotte",
    "lt": "Majotas",
    "nb": "Mayotte",
    "nl": "Mayotte",
    "pl": "Wyspa Majotta",
    "pt": "Maiote",
    "sv": "Mayotte",
    "tel": 262
  },
  {
    "en": "Mexico",
    "ca": "Mèxic",
    "da": "Mexico",
    "de": "Mexiko",
    "es": "México",
    "fr": "Mexique",
    "hu": "Mexikó",
    "it": "Messico",
    "lt": "Meksika",
    "nb": "Mexico",
    "nl": "Mexico",
    "pl": "Meksyk",
    "pt": "México",
    "sv": "Mexiko",
    "tel": 52
  },
  {
    "en": "Micronesia (Federated States of)/Micronesia",
    "ca": "Micronèsia (Estats Federats de)/Micronèsia",
    "da": "Mikronesien/Mikronesiens Forenede Stater",
    "de": "Mikronesien (Föderierte Staaten von)/Mikronesien",
    "es": "Micronesia (Estados Federados de)/Micronesia",
    "fr": "Micronésie (États fédérés de)/Micronésie",
    "hu": "Mikronézia (Mikronéziai Szövetségi Államok)",
    "it": "Micronesia (Stati Federati di)/Micronesia",
    "lt": "Mikronezijos Federacin?s Valstijos (Mikronezija)",
    "nb": "Mikronesia/Mikronesiaføderasjonen",
    "nl": "Micronesia (Federale Staten van)/Micronesia",
    "pl": "Mikronezja (Sfederowane Stany)/Mikronezja",
    "pt": "Micronésia (Estados Federados da)/Micronésia",
    "sv": "Mikronesien",
    "tel": 691
  },
  {
    "en": "Moldova",
    "ca": "Moldàvia",
    "da": "Moldova",
    "de": "Moldavien",
    "es": "Moldavia",
    "fr": "Moldavie",
    "hu": "Moldova",
    "it": "Moldavia",
    "lt": "Moldavija",
    "nb": "Moldova",
    "nl": "Moldavië",
    "pl": "Mo?dawia",
    "pt": "Moldávia",
    "sv": "Moldavien",
    "tel": 373
  },
  {
    "en": "Monaco (Principality of)",
    "ca": "Principat de Mònaco",
    "da": "Monaco",
    "de": "Fürstentum Monaco",
    "es": "Monaco (Principado de)",
    "fr": "Monaco (Principauté de)",
    "hu": "Monaco (Monacói Hercegség)",
    "it": "Monaco (Principato di)",
    "lt": "Monako karalyst?",
    "nb": "Monaco (Fyrstedømmet)",
    "nl": "Monaco (Prinsdom)",
    "pl": "(Ksi?stwo) Monako",
    "pt": "Mónaco (Principado do)",
    "sv": "Monaco",
    "tel": 377
  },
  {
    "en": "Mongolia",
    "ca": "Mongòlia",
    "da": "Mongoliet",
    "de": "Mongolei",
    "es": "Mongolia",
    "fr": "Mongolie",
    "hu": "Mongólia",
    "it": "Mongolia",
    "lt": "Mongolija",
    "nb": "Mongolia",
    "nl": "Mongolië",
    "pl": "Mongolia",
    "pt": "Mongólia",
    "sv": "Mongoliet",
    "tel": 976
  },
  {
    "en": "Montenegro",
    "ca": "Montenegro",
    "da": "Montenegro",
    "de": "Montenegro",
    "es": "Montenegro",
    "fr": "Monténégro",
    "hu": "Montenegró",
    "it": "Montenegro",
    "lt": "Juodkalnija",
    "nb": "Montenegro",
    "nl": "Montenegro",
    "pl": "Czarnogóra",
    "pt": "Montenegro",
    "sv": "Montenegro",
    "tel": 382
  },
  {
    "en": "Montserrat",
    "ca": "Montserrat",
    "da": "Montserrat",
    "de": "Montserrat",
    "es": "Montserrat",
    "fr": "Montserrat",
    "hu": "Montserrat",
    "it": "Montserrat",
    "lt": "Montseratas",
    "nb": "Montserrat",
    "nl": "Montserrat",
    "pl": "Montserrat",
    "pt": "Monserrate",
    "sv": "Montserrat",
    "tel": 1664
  },
  {
    "en": "Morocco",
    "ca": "Marroc",
    "da": "Marokko",
    "de": "Marokko",
    "es": "Marruecos",
    "fr": "Maroc",
    "hu": "Marokkó",
    "it": "Marocco",
    "lt": "Marokas",
    "nb": "Marokko",
    "nl": "Marokko",
    "pl": "Maroko",
    "pt": "Marrocos",
    "sv": "Marocko",
    "tel": 212
  },
  {
    "en": "Mozambique",
    "ca": "Moçambic",
    "da": "Mozambique",
    "de": "Mosambik",
    "es": "Mozambique",
    "fr": "Mozambique",
    "hu": "Mozambik",
    "it": "Mozambico",
    "lt": "Mozambikas",
    "nb": "Mosambik",
    "nl": "Mozambique",
    "pl": "Mozambik",
    "pt": "Moçambique",
    "sv": "Moçambique",
    "tel": 258
  },
  {
    "en": "Myanmar (was Burma)",
    "ca": "Myanmar (antigament Burma)",
    "da": "Myanmar (det tidligere Burma)",
    "de": "Myanmar (ehemaliges Birma)",
    "es": "Myanmar (Birmania)",
    "fr": "Myanmar (anciennement Birmanie)",
    "hu": "Mianmar (korábban Burma)",
    "it": "Birmania (Myanmar)",
    "lt": "Mianmaras (buvusi Birma)",
    "nb": "Myanmar (tidligere Burma)",
    "nl": "Myanmar (was Birma)",
    "pl": "Mjanma (dawniej Birma)",
    "pt": "Myanmar (ex-Burma)",
    "sv": "Burma",
    "tel": 95
  },
  {
    "en": "Namibia",
    "ca": "Namíbia",
    "da": "Namibia",
    "de": "Namibia",
    "es": "Namibia",
    "fr": "Namibie",
    "hu": "Namíbia",
    "it": "Namibia",
    "lt": "Namibija",
    "nb": "Namibia",
    "nl": "Namibië",
    "pl": "Namibia",
    "pt": "Namíbia",
    "sv": "Namibien",
    "tel": 264
  },
  {
    "en": "Nauru",
    "ca": "Nauru",
    "da": "Nauru",
    "de": "Nauru",
    "es": "Nauru",
    "fr": "Nauru",
    "hu": "Nauru",
    "it": "Nauru",
    "lt": "Nauru",
    "nb": "Nauru",
    "nl": "Nauru",
    "pl": "Nauru",
    "pt": "Nauru",
    "sv": "Nauru",
    "tel": 674
  },
  {
    "en": "Nepal",
    "ca": "Nepal",
    "da": "Nepal",
    "de": "Nepal",
    "es": "Nepal",
    "fr": "Népal",
    "hu": "Nepál",
    "it": "Nepal",
    "lt": "Nepalas",
    "nb": "Nepal",
    "nl": "Nepal",
    "pl": "Nepal",
    "pt": "Nepal",
    "sv": "Nepal",
    "tel": 977
  },
  {
    "en": "Netherlands",
    "ca": "Països Baixos",
    "da": "Holland",
    "de": "Niederlande",
    "es": "Países Bajos",
    "fr": "Pays-Bas",
    "hu": "Hollandia",
    "it": "Olanda",
    "lt": "Nyderlandai",
    "nb": "Nederland",
    "nl": "Nederland",
    "pl": "Holandia",
    "pt": "Países Baixos",
    "sv": "Nederländerna",
    "tel": 31
  },
  {
    "en": "Netherlands Antilles",
    "ca": "Antilles Neerlandeses",
    "da": "Nederlandske Antiller",
    "de": "Curaçao",
    "es": "Antillas Holandesas",
    "fr": "Antilles néerlandaises",
    "hu": "Holland Antillák",
    "it": "Antille Olandesi",
    "lt": "Nyderland? Antilai",
    "nb": "De nederlandske Antiller",
    "nl": "Nederlandse Antillen",
    "pl": "Antyle Holenderskie",
    "pt": "Antilhas Holandesas",
    "sv": "Nederländska Antillerna",
    "tel": 599
  },
  {
    "en": "New Caledonia",
    "ca": "Nova Caledònia",
    "da": "Ny Kaledonien",
    "de": "Neu-Kaledonien",
    "es": "Nueva Caledonia",
    "fr": "Nouvelle-Calédonie",
    "hu": "Új-Kaledónia",
    "it": "Nuova Caledonia",
    "lt": "Naujoji Kaledonija",
    "nb": "Ny-Caledonia",
    "nl": "Nieuw-Caledonië",
    "pl": "Nowa Kaledonia",
    "pt": "Nova Caledónia",
    "sv": "Nya Kaledonien",
    "tel": 687
  },
  {
    "en": "New Zealand",
    "ca": "Nova Zelanda",
    "da": "New Zealand",
    "de": "Neuseeland",
    "es": "Nueva Zelanda",
    "fr": "Nouvelle-Zélande",
    "hu": "Új-Zéland",
    "it": "Nuova Zelanda",
    "lt": "Naujoji Zelandija",
    "nb": "New Zealand",
    "nl": "Nieuw Zeeland",
    "pl": "Nowa Zelandia",
    "pt": "Nova Zelândia",
    "sv": "Nya Zeeland",
    "tel": 64
  },
  {
    "en": "Nicaragua",
    "ca": "Nicaragua",
    "da": "Nicaragua",
    "de": "Nicaragua",
    "es": "Nicaragua",
    "fr": "Nicaragua",
    "hu": "Nicaragua",
    "it": "Nicaragua",
    "lt": "Nikaragva",
    "nb": "Nicaragua",
    "nl": "Nicaragua",
    "pl": "Nikaragua",
    "pt": "Nicarágua",
    "sv": "Nicaragua",
    "tel": 505
  },
  {
    "en": "Niger",
    "ca": "Níger",
    "da": "Niger",
    "de": "Niger",
    "es": "Níger",
    "fr": "Niger",
    "hu": "Niger",
    "it": "Niger",
    "lt": "Nigeris",
    "nb": "Niger",
    "nl": "Niger",
    "pl": "Niger",
    "pt": "Níger",
    "sv": "Niger",
    "tel": 227
  },
  {
    "en": "Nigeria",
    "ca": "Nigèria",
    "da": "Nigeria",
    "de": "Nigeria",
    "es": "Nigeria",
    "fr": "Nigéria",
    "hu": "Nigéria",
    "it": "Nigeria",
    "lt": "Nigerija",
    "nb": "Nigeria",
    "nl": "Nigeria",
    "pl": "Nigeria",
    "pt": "Nigéria",
    "sv": "Nigeria",
    "tel": 234
  },
  {
    "en": "Niue",
    "ca": "Niue",
    "da": "Niue",
    "de": "Niue",
    "es": "Niue",
    "fr": "Niue",
    "hu": "Niue",
    "it": "Niue",
    "lt": "Niuj?",
    "nb": "Niue",
    "nl": "Niue",
    "pl": "Niue",
    "pt": "Niue",
    "sv": "Niue",
    "tel": 683
  },
  {
    "en": "Northern Mariana Islands",
    "ca": "Illes Marianes del Nord",
    "da": "Nordmarianerne",
    "de": "Nördliche Marianen",
    "es": "Islas Marianas del Norte",
    "fr": "Îles Mariannes du Nord",
    "hu": "Észak-Mariana-szigetek",
    "it": "Isole Marianne Settentrionali",
    "lt": "Marianos Šiaurin?s Salos",
    "nb": "Nord-Marianene",
    "nl": "Noordelijke Marianen",
    "pl": "Mariany Pó?nocne",
    "pt": "Ilhas Marianas do Norte",
    "sv": "Norra Marianaöarna",
    "tel": 1670
  },
  {
    "en": "Norway",
    "ca": "Noruega",
    "da": "Norge",
    "de": "Norwegen",
    "es": "Noruega",
    "fr": "Norvège",
    "hu": "Norvégia",
    "it": "Norvegia",
    "lt": "Norvegija",
    "nb": "Norge",
    "nl": "Noorwegen",
    "pl": "Norwegia",
    "pt": "Noruega",
    "sv": "Norge",
    "tel": 47
  },
  {
    "en": "Oman",
    "ca": "Oman",
    "da": "Oman",
    "de": "Oman",
    "es": "Omán",
    "fr": "Oman",
    "hu": "Omán",
    "it": "Oman",
    "lt": "Omanas",
    "nb": "Oman",
    "nl": "Oman",
    "pl": "Oman",
    "pt": "Omã",
    "sv": "Oman",
    "tel": 968
  },
  {
    "en": "Pakistan",
    "ca": "Pakistan",
    "da": "Pakistan",
    "de": "Pakistan",
    "es": "Pakistán",
    "fr": "Pakistan",
    "hu": "Pakisztán",
    "it": "Pakistan",
    "lt": "Pakistanas",
    "nb": "Pakistan",
    "nl": "Pakistan",
    "pl": "Pakistan",
    "pt": "Paquistão",
    "sv": "Pakistan",
    "tel": 92
  },
  {
    "en": "Palau",
    "ca": "Palau",
    "da": "Palau",
    "de": "Palau",
    "es": "Palaos",
    "fr": "Palaos",
    "hu": "Palau",
    "it": "Palau",
    "lt": "Palau",
    "nb": "Palau",
    "nl": "Palau",
    "pl": "Palau",
    "pt": "Palau",
    "sv": "Palau",
    "tel": 680
  },
  {
    "en": "Panama",
    "ca": "Panamà",
    "da": "Panama",
    "de": "Panama",
    "es": "Panamá",
    "fr": "Panama",
    "hu": "Panama",
    "it": "Panama",
    "lt": "Panama",
    "nb": "Panama",
    "nl": "Panama",
    "pl": "Panama",
    "pt": "Panamá",
    "sv": "Panama",
    "tel": 507
  },
  {
    "en": "Papua New Guinea",
    "ca": "Papua Nova Guinea",
    "da": "Papua Ny Guinea",
    "de": "Papua-Neu-Guinea",
    "es": "Papúa Nueva Guinea",
    "fr": "Papouasie-Nouvelle-Guinée",
    "hu": "Pápua Új-Guinea",
    "it": "Papua Nuova Guinea",
    "lt": "Papua Naujoji Gvin?ja",
    "nb": "Papua Ny-Guinea",
    "nl": "Papoea-Nieuw-Guinea",
    "pl": "Papua-Nowa Gwinea",
    "pt": "Papua-Nova Guiné",
    "sv": "Papua Nya Guinea",
    "tel": 675
  },
  {
    "en": "Paraguay",
    "ca": "Paraguai",
    "da": "Paraguay",
    "de": "Paraguay",
    "es": "Paraguay",
    "fr": "Paraguay",
    "hu": "Paraguay",
    "it": "Paraguay",
    "lt": "Paragvajus",
    "nb": "Paraguay",
    "nl": "Paraguay",
    "pl": "Paragwaj",
    "pt": "Paraguai",
    "sv": "Paraguay",
    "tel": 595
  },
  {
    "en": "Peru",
    "ca": "Perú",
    "da": "Peru",
    "de": "Peru",
    "es": "Perú",
    "fr": "Pérou",
    "hu": "Peru",
    "it": "Perù",
    "lt": "Peru",
    "nb": "Peru",
    "nl": "Peru",
    "pl": "Peru",
    "pt": "Peru",
    "sv": "Peru",
    "tel": 51
  },
  {
    "en": "Philippines",
    "ca": "Filipines",
    "da": "Filippinerne",
    "de": "Philippinen",
    "es": "Filipinas",
    "fr": "Philippines",
    "hu": "Fülöp-szigetek",
    "it": "Filippine",
    "lt": "Filipinai",
    "nb": "Filippinene",
    "nl": "Filipijnen",
    "pl": "Filipiny",
    "pt": "Filipinas",
    "sv": "Filippinerna",
    "tel": 63
  },
  {
    "en": "Poland",
    "ca": "Polònia",
    "da": "Polen",
    "de": "Polen",
    "es": "Polonia",
    "fr": "Pologne",
    "hu": "Lengyelország",
    "it": "Polonia",
    "lt": "Lenkija",
    "nb": "Polen",
    "nl": "Polen",
    "pl": "Polska",
    "pt": "Polónia",
    "sv": "Polen",
    "tel": 48
  },
  {
    "en": "Portugal",
    "ca": "Portugal",
    "da": "Portugal",
    "de": "Portugal",
    "es": "Portugal",
    "fr": "Portugal",
    "hu": "Portugália",
    "it": "Portogallo",
    "lt": "Portugalija",
    "nb": "Portugal",
    "nl": "Portugal",
    "pl": "Portugalia",
    "pt": "Portugal",
    "sv": "Portugal",
    "tel": 351
  },
  {
    "en": "Puerto Rico",
    "ca": "Puerto Rico",
    "da": "Puerto Rico",
    "de": "Puerto Rico",
    "es": "Puerto Rico",
    "fr": "Porto Rico",
    "hu": "Puerto Rico",
    "it": "Porto Rico",
    "lt": "Puerto Rikas",
    "nb": "Puerto Rico",
    "nl": "Puerto Rico",
    "pl": "Portoryko",
    "pt": "Porto Rico",
    "sv": "Puerto Rico",
    "tel": 1787
  },
  {
    "en": "Qatar",
    "ca": "Qatar",
    "da": "Qatar",
    "de": "Katar",
    "es": "Catar",
    "fr": "Qatar",
    "hu": "Katar",
    "it": "Qatar",
    "lt": "Kataras",
    "nb": "Qatar",
    "nl": "Qatar",
    "pl": "Katar",
    "pt": "Catar",
    "sv": "Qatar",
    "tel": 974
  },
  {
    "en": "Republic of Macedonia/Macedonia",
    "ca": "República de Macedònia",
    "da": "Makedonien",
    "de": "Mazedonien",
    "es": "Macedonia",
    "fr": "République de Macédoine",
    "hu": "Macedón Köztársaság",
    "it": "Repubblica di Macedonia",
    "lt": "Makedonija",
    "nb": "Republikken Makedonia",
    "nl": "Republiek Macedonië",
    "pl": "Republika Macedonii",
    "pt": "República da Macedónia",
    "sv": "Makedonien",
    "tel": 389
  },
  {
    "en": "Reunion and other French territories in the Indian Ocean *",
    "ca": "",
    "da": "",
    "de": "",
    "es": "",
    "fr": "",
    "hu": "",
    "it": "",
    "lt": "",
    "nb": "",
    "nl": "",
    "pl": "",
    "pt": "",
    "sv": "",
    "tel": 262
  },
  {
    "en": "Romania",
    "ca": "Romania",
    "da": "Rumænien",
    "de": "Rumänien",
    "es": "Rumanía",
    "fr": "Roumanie",
    "hu": "Románia",
    "it": "Romania",
    "lt": "Rumunija",
    "nb": "Romania",
    "nl": "Roemenië",
    "pl": "Rumunia",
    "pt": "Roménia",
    "sv": "Rumänien",
    "tel": 40
  },
  {
    "en": "Russian Federation/Russia",
    "ca": "Federació de Rússia",
    "da": "Rusland",
    "de": "Russland",
    "es": "Rusia",
    "fr": "Fédération de Russie",
    "hu": "Orosz Föderáció",
    "it": "Federazione Russa",
    "lt": "Rusijos Federacija",
    "nb": "Russland",
    "nl": "Russische Federatie",
    "pl": "Federacja Rosyjska",
    "pt": "Federação da Rússia",
    "sv": "Ryssland",
    "tel": 7
  },
  {
    "en": "Rwanda",
    "ca": "Ruanda",
    "da": "Rwanda",
    "de": "Ruanda",
    "es": "Ruanda",
    "fr": "Rwanda",
    "hu": "Ruanda",
    "it": "Ruanda",
    "lt": "Ruanda",
    "nb": "Rwanda",
    "nl": "Rwanda",
    "pl": "Rwanda",
    "pt": "Ruanda",
    "sv": "Rwanda",
    "tel": 250
  },
  {
    "en": "Saint Helena",
    "ca": "Santa Helena",
    "da": "Sankt Helena",
    "de": "St. Helena",
    "es": "Santa Elena",
    "fr": "Sainte-Hélène",
    "hu": "Szent Ilona",
    "it": "Sant’Elena",
    "lt": "Šv. Elenos sala",
    "nb": "St. Helena",
    "nl": "Saint Helena",
    "pl": "Wyspa ?wi?tej Heleny",
    "pt": "Santa Helena",
    "sv": "St. Helena",
    "tel": 290
  },
  {
    "en": "Federation of Saint Kitts and Nevis",
    "ca": "Federació de Saint Kitts i Nevis",
    "da": "Saint Kitts og Nevis",
    "de": "Föderation von Saint Kitts und Nevis",
    "es": "Federación de San Cristóbal y Nieves",
    "fr": "Fédération de Saint-Christophe-et-Niévès",
    "hu": "Saint Kitts és Nevis Államszövetség",
    "it": "Federazione di Saint Kitts e Nevis",
    "lt": "Sent Kristoferio ir Nevio Federacija",
    "nb": "Føderasjonen Saint Kitts og Nevis",
    "nl": "Federatie van Saint Kitts en Nevis",
    "pl": "FederacjaSaint Kitts i Nevis",
    "pt": "Federação de Saint Kitts e Nevis",
    "sv": "St. Kitts och Nevis",
    "tel": 1869
  },
  {
    "en": "Saint Lucia",
    "ca": "Saint Lucia",
    "da": "Saint Lucia",
    "de": "St. Lucia",
    "es": "Santa Lucía",
    "fr": "Sainte-Lucie",
    "hu": "Saint Lucia",
    "it": "Santa Lucia",
    "lt": "Sent Lusija",
    "nb": "Saint Lucia",
    "nl": "Saint Lucia",
    "pl": "Wyspa ?wi?tej ?ucji",
    "pt": "Saint Lucia",
    "sv": "St. Lucia",
    "tel": 1758
  },
  {
    "en": "Saint Pierre and Miquelon",
    "ca": "Saint-Pierre i Miquelon",
    "da": "Saint-Pierre og Miquelon",
    "de": "Saint-Pierre und Miquelon",
    "es": "San Pedro y Miquelón",
    "fr": "Saint-Pierre-et-Miquelon",
    "hu": "Saint Pierre és Miquelon",
    "it": "Saint Pierre e Miquelon",
    "lt": "Sen Pjeras ir Mikelonas",
    "nb": "Saint-Pierre og Miquelon",
    "nl": "Saint-Pierre en Miquelon",
    "pl": "Saint Pierre i Miquelon",
    "pt": "Saint Pierre e Miquelon",
    "sv": "St. Pierre och Miquelon",
    "tel": 508
  },
  {
    "en": "Saint Vincent and the Grenadines",
    "ca": "Saint Vincent i les Grenadines",
    "da": "Saint Vincent og Grenadinerne",
    "de": "St. Vincent und die Grenadinen",
    "es": "San Vicente y las Granadinas",
    "fr": "Saint-Vincent-et-les-Grenadines",
    "hu": "Saint Vincent és a Grenadine-szigetek",
    "it": "Saint Vincent e Grenadine",
    "lt": "Sent Vinsentas ir Grenadini",
    "nb": "Saint Vincent og Grenadinene",
    "nl": "Saint Vincent en de Grenadines",
    "pl": "Saint Vincent i Grenadyny",
    "pt": "São Vicente e Granadinas",
    "sv": "St. Vincent och Grenadinerna",
    "tel": 1784
  },
  {
    "en": "Samoa",
    "ca": "Samoa",
    "da": "Samoa",
    "de": "Samoa-Inseln",
    "es": "Samoa",
    "fr": "Samoa",
    "hu": "Szamoa",
    "it": "Samoa",
    "lt": "Samoa",
    "nb": "Samoa",
    "nl": "Samoa",
    "pl": "Samoa",
    "pt": "Samoa",
    "sv": "Samoa",
    "tel": 685
  },
  {
    "en": "San Marino",
    "ca": "San Marino",
    "da": "San Marino",
    "de": "San Marino",
    "es": "San Marino",
    "fr": "Saint-Marin",
    "hu": "San Marino",
    "it": "San Marino",
    "lt": "San Marinas",
    "nb": "San Marino",
    "nl": "San Marino",
    "pl": "San Marino",
    "pt": "São Marinho",
    "sv": "San Marino",
    "tel": 378
  },
  {
    "en": "Sao Tome and Principe",
    "ca": "Sao Tomé i Príncipe",
    "da": "São Tomé og Principe",
    "de": "Sao Tome und Principe",
    "es": "Santo Tomé y Príncipe",
    "fr": "Sao Tomé-et-Principe",
    "hu": "São Tomé és Príncipe",
    "it": "Sao Tome e Principe",
    "lt": "San Tom? ir Prinsip?",
    "nb": "São Tomé og Príncipe",
    "nl": "Sao Tomé en Principe",
    "pl": "Wyspy ?wi?tego Tomasza i Ksi???ca",
    "pt": "São Tomé e Príncipe",
    "sv": "São Tomé och Príncipe",
    "tel": 239
  },
  {
    "en": "Saudi Arabia",
    "ca": "Aràbia Saudita",
    "da": "Saudi-Arabien",
    "de": "Saudi-Arabien",
    "es": "Arabia Saudí",
    "fr": "Arabie saoudite",
    "hu": "Szaúd-Arábia",
    "it": "Arabia Saudita",
    "lt": "Saudo Arabija",
    "nb": "Saudi Arabia",
    "nl": "Saoedi-Arabië",
    "pl": "Arabia Saudyjska",
    "pt": "Arábia Saudita",
    "sv": "Saudiarabien",
    "tel": 966
  },
  {
    "en": "Senegal",
    "ca": "Senegal",
    "da": "Senegal",
    "de": "Senegal",
    "es": "Senegal",
    "fr": "Sénégal",
    "hu": "Szenegál",
    "it": "Senegal",
    "lt": "Senegalas",
    "nb": "Senegal",
    "nl": "Senegal",
    "pl": "Senegal",
    "pt": "Senegal",
    "sv": "Senegal",
    "tel": 221
  },
  {
    "en": "Serbia",
    "ca": "Sèrbia",
    "da": "Serbien",
    "de": "Serbien",
    "es": "Serbia",
    "fr": "Serbie",
    "hu": "Szerbia",
    "it": "Serbia",
    "lt": "Serbija",
    "nb": "Serbia",
    "nl": "Servië",
    "pl": "Serbia",
    "pt": "Sérvia",
    "sv": "Serbien",
    "tel": 381
  },
  {
    "en": "Seychelles",
    "ca": "Seychelles",
    "da": "Seychellerne",
    "de": "Seychellen",
    "es": "Seychelles",
    "fr": "Seychelles",
    "hu": "Seychelle-szigetek",
    "it": "Seychelles",
    "lt": "Seišeliai",
    "nb": "Seychellene",
    "nl": "Seychellen",
    "pl": "Seszele",
    "pt": "Seicheles",
    "sv": "Seychellerna",
    "tel": 248
  },
  {
    "en": "Sierra Leone",
    "ca": "Sierra Leone",
    "da": "Sierra Leone",
    "de": "Sierra Leone",
    "es": "Sierra Leona",
    "fr": "Sierra Leone",
    "hu": "Sierra Leone",
    "it": "Sierra Leone",
    "lt": "Siera Leon?",
    "nb": "Sierra Leone",
    "nl": "Sierra Leone",
    "pl": "Sierra Leone",
    "pt": "Serra Leoa",
    "sv": "Sierra Leone",
    "tel": 232
  },
  {
    "en": "Singapore",
    "ca": "Singapur",
    "da": "Singapore",
    "de": "Singapur",
    "es": "Singapur",
    "fr": "Singapour",
    "hu": "Szingapúr",
    "it": "Singapore",
    "lt": "Singap?ras",
    "nb": "Singapore",
    "nl": "Singapore",
    "pl": "Singapur",
    "pt": "Singapura",
    "sv": "Singapore",
    "tel": 65
  },
  {
    "en": "Slovak Republic/Slovakia",
    "ca": "República Eslovaca",
    "da": "Slovakiet",
    "de": "Slowakei",
    "es": "Eslovaquia",
    "fr": "République slovaque",
    "hu": "Szlovák Köztársaság",
    "it": "Repubblica Slovacca",
    "lt": "Slovakija",
    "nb": "Den slovakiske republikk",
    "nl": "Slowakije",
    "pl": "S?owacja",
    "pt": "República Eslovaca",
    "sv": "Slovakien",
    "tel": 421
  },
  {
    "en": "Slovenia",
    "ca": "Eslovènia",
    "da": "Slovenien",
    "de": "Slowenien",
    "es": "Eslovenia",
    "fr": "Slovénie",
    "hu": "Szlovénia",
    "it": "Slovenia",
    "lt": "Slov?nija",
    "nb": "Slovenia",
    "nl": "Slovenië",
    "pl": "S?owenia",
    "pt": "Eslovénia",
    "sv": "Slovenien",
    "tel": 386
  },
  {
    "en": "Solomon Islands",
    "ca": "Illes Salomó",
    "da": "Salomonøerne",
    "de": "Solomon Inseln",
    "es": "Islas Salomón",
    "fr": "Îles Salomon",
    "hu": "Salamon-szigetek",
    "it": "Isole Salomone",
    "lt": "Saliamono Salos",
    "nb": "Salomonøyene",
    "nl": "Salomonseilanden",
    "pl": "Wyspy Salomona",
    "pt": "Ilhas Salomão",
    "sv": "Solomonöarna",
    "tel": 677
  },
  {
    "en": "Somalia",
    "ca": "Somàlia",
    "da": "Somalia",
    "de": "Somalia",
    "es": "Somalia",
    "fr": "Somalie",
    "hu": "Szomália",
    "it": "Somalia",
    "lt": "Somalis",
    "nb": "Somalia",
    "nl": "Somalië",
    "pl": "Somalia",
    "pt": "Somália",
    "sv": "Somalia",
    "tel": 252
  },
  {
    "en": "South Africa",
    "ca": "Sud-àfrica",
    "da": "Sydafrika",
    "de": "Südafrika",
    "es": "Sudáfrica",
    "fr": "Afrique du Sud",
    "hu": "Dél-Afrika",
    "it": "Sudafrica",
    "lt": "Piet? Afrika",
    "nb": "Sør-Afrika",
    "nl": "Zuid-Afrika",
    "pl": "Republika Po?udniowej Afryki",
    "pt": "África do Sul",
    "sv": "Sydafrika",
    "tel": 27
  },
  {
    "en": "Spain",
    "ca": "Espanya",
    "da": "Spanien",
    "de": "Spanien",
    "es": "España",
    "fr": "Espagne",
    "hu": "Spanyolország",
    "it": "Spagna",
    "lt": "Ispanija",
    "nb": "Spania",
    "nl": "Spanje",
    "pl": "Hiszpania",
    "pt": "Espanha",
    "sv": "Spanien",
    "tel": 34
  },
  {
    "en": "Sri Lanka",
    "ca": "Sri Lanka",
    "da": "Sri Lanka",
    "de": "Sri Lanka",
    "es": "Sri Lanka",
    "fr": "Sri Lanka",
    "hu": "Srí Lanka",
    "it": "Sri Lanka",
    "lt": "Šri Lanka",
    "nb": "Sri Lanka",
    "nl": "Sri Lanka",
    "pl": "Sri Lanka",
    "pt": "Sri Lanca",
    "sv": "Sri Lanka",
    "tel": 94
  },
  {
    "en": "Sudan",
    "ca": "Sudan",
    "da": "Sudan",
    "de": "Sudan",
    "es": "Sudán",
    "fr": "Soudan",
    "hu": "Szudán",
    "it": "Sudan",
    "lt": "Sudanas",
    "nb": "Sudan",
    "nl": "Soedan",
    "pl": "Sudan",
    "pt": "Sudão",
    "sv": "Sudan",
    "tel": 249
  },
  {
    "en": "Suriname",
    "ca": "Surinam",
    "da": "Suriname",
    "de": "Suriname",
    "es": "Surinam",
    "fr": "Suriname",
    "hu": "Suriname",
    "it": "Suriname",
    "lt": "Surinamas",
    "nb": "Surinam",
    "nl": "Suriname",
    "pl": "Surinam",
    "pt": "Suriname",
    "sv": "Surinam",
    "tel": 597
  },
  {
    "en": "Swaziland",
    "ca": "Swazilàndia",
    "da": "Swaziland",
    "de": "Swasiland",
    "es": "Suazilandia",
    "fr": "Swaziland",
    "hu": "Szváziföld",
    "it": "Swaziland",
    "lt": "Svazilandas",
    "nb": "Swaziland",
    "nl": "Swaziland",
    "pl": "Suazi",
    "pt": "Suazilândia",
    "sv": "Swaziland",
    "tel": 268
  },
  {
    "en": "Sweden",
    "ca": "Suècia",
    "da": "Sverige",
    "de": "Schweden",
    "es": "Suecia",
    "fr": "Suède",
    "hu": "Svédország",
    "it": "Svezia",
    "lt": "Švedija",
    "nb": "Sverige",
    "nl": "Zweden",
    "pl": "Szwecja",
    "pt": "Suécia",
    "sv": "Sverige",
    "tel": 46
  },
  {
    "en": "Switzerland",
    "ca": "Suïssa",
    "da": "Schweiz",
    "de": "Schweiz",
    "es": "Suiza",
    "fr": "Suisse",
    "hu": "Svájc",
    "it": "Svizzera",
    "lt": "Šveicarija",
    "nb": "Sveits",
    "nl": "Zwitserland",
    "pl": "Szwajcaria",
    "pt": "Suíça",
    "sv": "Schweiz",
    "tel": 41
  },
  {
    "en": "Syrian/Syrian Arab Republic",
    "ca": "Síria/República Àrab Siriana",
    "da": "Syrian/Den Syriske Arabiske Republik",
    "de": "Syrien/Arabische Republik Syrien",
    "es": "Siria/República Árabe Siria",
    "fr": "Syrie/République arabe syrienne",
    "hu": "Szíria/ Szíriai Arab Köztársaság",
    "it": "Siria/Repubblica araba di Siria",
    "lt": "Sirijos Arab? Respublika (Sirija)",
    "nb": "Syria/Den arabiske republikk Syria",
    "nl": "Syrië/Arabische Republiek Syrië",
    "pl": "Syria/Syryjska Republika Arabska",
    "pt": "Síria/República Árabe da Síria",
    "sv": "Syrien",
    "tel": 963
  },
  {
    "en": "Taiwan",
    "ca": "Taiwan",
    "da": "Taiwan",
    "de": "Taiwan",
    "es": "Taiwán",
    "fr": "Taïwan",
    "hu": "Tajvan",
    "it": "Taiwan",
    "lt": "Taivanas",
    "nb": "Taiwan",
    "nl": "Taiwan",
    "pl": "Tajwan",
    "pt": "Taiwan",
    "sv": "Taiwan",
    "tel": 886
  },
  {
    "en": "Tajikistan",
    "ca": "Tadjikistan",
    "da": "Tadsjikistan",
    "de": "Tadschikistan",
    "es": "Tayikistán",
    "fr": "Tadjikistan",
    "hu": "Tádzsikisztán",
    "it": "Tagikistan",
    "lt": "Tadžikistanas",
    "nb": "Tadsjikistan",
    "nl": "Tadzjikistan",
    "pl": "Tad?ykistan",
    "pt": "Tajiquistão",
    "sv": "Tadzjikistan",
    "tel": 992
  },
  {
    "en": "Tanzania",
    "ca": "Tanzània",
    "da": "Tanzania",
    "de": "Tansania",
    "es": "Tanzania",
    "fr": "Tanzanie",
    "hu": "Tanzánia",
    "it": "Tanzania",
    "lt": "Tanzanija",
    "nb": "Tanzania",
    "nl": "Tanzania",
    "pl": "Tanzania",
    "pt": "Tanzânia",
    "sv": "Tanzania",
    "tel": 255
  },
  {
    "en": "Thailand",
    "ca": "Tailàndia",
    "da": "Thailand",
    "de": "Thailand",
    "es": "Tailandia",
    "fr": "Thaïlande",
    "hu": "Thaiföld",
    "it": "Thailandia",
    "lt": "Tailandas",
    "nb": "Thailand",
    "nl": "Thailand",
    "pl": "Tajlandia",
    "pt": "Tailândia",
    "sv": "Thailand",
    "tel": 66
  },
  {
    "en": "Togo",
    "ca": "Togo",
    "da": "Togo",
    "de": "Togo",
    "es": "Togo",
    "fr": "Togo",
    "hu": "Togo",
    "it": "Togo",
    "lt": "Togas",
    "nb": "Togo",
    "nl": "Togo",
    "pl": "Togo",
    "pt": "Togo",
    "sv": "Togo",
    "tel": 228
  },
  {
    "en": "Tokelau",
    "ca": "Tokelau",
    "da": "Tokelau",
    "de": "Tokelau",
    "es": "Tokelau",
    "fr": "Tokelau",
    "hu": "Tokelau",
    "it": "Tokelau",
    "lt": "Tokelau",
    "nb": "Tokelau",
    "nl": "Tokelau",
    "pl": "Tokelau",
    "pt": "Toquelau",
    "sv": "Tokelau",
    "tel": 690
  },
  {
    "en": "Tonga",
    "ca": "Tonga",
    "da": "Tonga",
    "de": "Tonga",
    "es": "Tonga",
    "fr": "Tonga",
    "hu": "Tonga",
    "it": "Tonga",
    "lt": "Tonga",
    "nb": "Tonga",
    "nl": "Tonga",
    "pl": "Tonga",
    "pt": "Tonga",
    "sv": "Tonga",
    "tel": 676
  },
  {
    "en": "Trinidad and Tobago",
    "ca": "Trinitat i Tobago",
    "da": "Trinidad og Tobago",
    "de": "Trinidad und Tobago",
    "es": "Trinidad y Tobago",
    "fr": "Trinité-et-Tobago",
    "hu": "Trinidad és Tobago",
    "it": "Trinidad e Tobago",
    "lt": "Trinidadas ir Tobagas",
    "nb": "Trinidad og Tobago",
    "nl": "Trinidad en Tobago",
    "pl": "Trynidad i Tobago",
    "pt": "Trinidad e Tobago",
    "sv": "Trinidad och Tobago",
    "tel": 1868
  },
  {
    "en": "Tunisia",
    "ca": "Tunísia",
    "da": "Tunesien",
    "de": "Tunesien",
    "es": "Túnez",
    "fr": "Tunisie",
    "hu": "Tunézia",
    "it": "Tunisia",
    "lt": "Tunisas",
    "nb": "Tunisia",
    "nl": "Tunesië",
    "pl": "Tunezja",
    "pt": "Tunísia",
    "sv": "Tunisien",
    "tel": 216
  },
  {
    "en": "Turkey",
    "ca": "Turquia",
    "da": "Tyrkiet",
    "de": "Türkei",
    "es": "Turquía",
    "fr": "Turquie",
    "hu": "Törökország",
    "it": "Turchia",
    "lt": "Turkija",
    "nb": "Tyrkia",
    "nl": "Turkije",
    "pl": "Turcja",
    "pt": "Turquia",
    "sv": "Turkiet",
    "tel": 90
  },
  {
    "en": "Turkmenistan",
    "ca": "Turkmenistan",
    "da": "Turkmenistan",
    "de": "Turkmenistan",
    "es": "Turkmenistán",
    "fr": "Turkménistan",
    "hu": "Türkmenisztán",
    "it": "Turkmenistan",
    "lt": "Turkm?nistanas",
    "nb": "Turkmenistan",
    "nl": "Turkmenistan",
    "pl": "Turkmenistan",
    "pt": "Turquemenistão",
    "sv": "Turkmenistan",
    "tel": 993
  },
  {
    "en": "Turks and Caicos Islands",
    "ca": "Illes Turks i Caicos",
    "da": "Turks- og Caicosøerne",
    "de": "Turks- und Caicosinseln",
    "es": "Islas Turcas y Caicos",
    "fr": "Îles Turques-et-Caïques",
    "hu": "Turks- és Caicos-szigetek",
    "it": "Isole Turks e Caicos",
    "lt": "Terkso ir Kaikoso salos",
    "nb": "Turks- og Caicosøyene",
    "nl": "Turks- en Caicoseilanden",
    "pl": "Turks i Caicos",
    "pt": "Ilhas Turcas e Caicos",
    "sv": "Turks- och Caicosöarna",
    "tel": 1649
  },
  {
    "en": "Tuvalu",
    "ca": "Tuvalu",
    "da": "Tuvalu",
    "de": "Tuvalu",
    "es": "Tuvalu",
    "fr": "Tuvalu",
    "hu": "Tuvalu",
    "it": "Tuvalu",
    "lt": "Tuvalu",
    "nb": "Tuvalu",
    "nl": "Tuvalu",
    "pl": "Tuwalu",
    "pt": "Tuvalu",
    "sv": "Tuvalu",
    "tel": 688
  },
  {
    "en": "Uganda",
    "ca": "Uganda",
    "da": "Uganda",
    "de": "Uganda",
    "es": "Uganda",
    "fr": "Ouganda",
    "hu": "Uganda",
    "it": "Uganda",
    "lt": "Uganda",
    "nb": "Uganda",
    "nl": "Oeganda",
    "pl": "Uganda",
    "pt": "Uganda",
    "sv": "Uganda",
    "tel": 256
  },
  {
    "en": "Ukraine",
    "ca": "Ucraïna",
    "da": "Ukraine",
    "de": "Ukraine",
    "es": "Ucrania",
    "fr": "Ukraine",
    "hu": "Ukrajna",
    "it": "Ucraina",
    "lt": "Ukraina",
    "nb": "Ukraina",
    "nl": "Oekraïne",
    "pl": "Ukraina",
    "pt": "Ucrânia",
    "sv": "Ukraina",
    "tel": 380
  },
  {
    "en": "United Arab Emirates",
    "ca": "Emirats Àrabs Units",
    "da": "Forenede Arabiske Emirater",
    "de": "Vereinigte Arabische Emirate",
    "es": "Emiratos Árabes Unidos",
    "fr": "Émirats arabes unis",
    "hu": "Egyesült Arab Emírségek",
    "it": "Emirati Arabi Uniti",
    "lt": "Jungtiniai Arab? Emyratai",
    "nb": "De forente arabiske emirater",
    "nl": "Verenigde Arabische Emiraten",
    "pl": "Zjednoczone Emiraty Arabskie",
    "pt": "Emirados Árabes Unidos",
    "sv": "Förenade Arabemiraten",
    "tel": 971
  },
  {
    "en": "United Kingdom and Northern Ireland",
    "ca": "Regne Unit i Irlanda del Nord",
    "da": "Storbritannien",
    "de": "Vereinigtes Königreich und Nordirland",
    "es": "Reino Unido e Irlanda del Norte",
    "fr": "Royaume-Uni et Irlande du Nord",
    "hu": "Egyesült Királyság és Észak-Írország",
    "it": "Regno Unito e Irlanda del Nord",
    "lt": "Jungtin? Didžiosios Britanijos ir Šiaur?s Airijos Karalyst?",
    "nb": "Storbritannia og Nord-Irland",
    "nl": "Verenigd Koninkrijk en Noord-Ierland",
    "pl": "Wielka Brytania i Irlandia Pó?nocna",
    "pt": "Reino Unido e Irlanda do Norte",
    "sv": "Storbritannien och Nordirland",
    "tel": 44
  },
  {
    "en": "United States of America",
    "ca": "Estats Units d'Amèrica",
    "da": "USA",
    "de": "Vereinigte Staaten von Amerika",
    "es": "Estados Unidos de América",
    "fr": "États-Unis d’Amérique",
    "hu": "Amerikai Egyesült Államok",
    "it": "Stati Unit d'America",
    "lt": "Jungtin?s Amerikos Valstijos",
    "nb": "Amerikas forente stater",
    "nl": "Verenigde Staten van Amerika",
    "pl": "Stany Zjednoczone Ameryki",
    "pt": "Estados Unidos da América",
    "sv": "USA",
    "tel": 1
  },
  {
    "en": "United States Virgin Islands",
    "ca": "Illes Verges Nord-americanes",
    "da": "Amerikanske Jomfruøer",
    "de": "Jungferninseln",
    "es": "Islas Vírgenes de los Estados Unidos",
    "fr": "Îles Vierges des États-Unis",
    "hu": "Amerikai Virgin-szigetek",
    "it": "Isole Vergini americane",
    "lt": "JAV Mergeli? salos",
    "nb": "De amerikanske jomfruøyene",
    "nl": "Amerikaanse Maagdeneilanden",
    "pl": "Wyspy Dziewicze Stanów Zjednoczonych",
    "pt": "Ilhas Virgens dos Estados Unidos",
    "sv": "US Virgin Islands",
    "tel": 1340
  },
  {
    "en": "Uruguay",
    "ca": "Uruguai",
    "da": "Uruguay",
    "de": "Uruguay",
    "es": "Uruguay",
    "fr": "Uruguay",
    "hu": "Uruguay",
    "it": "Uruguay",
    "lt": "Urugvajus",
    "nb": "Uruguay",
    "nl": "Uruguay",
    "pl": "Urugwaj",
    "pt": "Uruguai",
    "sv": "Uruguay",
    "tel": 598
  },
  {
    "en": "Uzbekistan",
    "ca": "L'Uzbekistan",
    "da": "Usbekistan",
    "de": "Usbekistan",
    "es": "Uzbekistán",
    "fr": "Ouzbékistan",
    "hu": "Üzbegisztán",
    "it": "Uzbekistan",
    "lt": "Uzbekistanas",
    "nb": "Usbekistan",
    "nl": "Oezbekistan",
    "pl": "Uzbekistan",
    "pt": "Usbequistão",
    "sv": "Uzbekistan",
    "tel": 998
  },
  {
    "en": "Vanuatu",
    "ca": "Vanuatu",
    "da": "Vanuatu",
    "de": "Vanuatu",
    "es": "Vanuatu",
    "fr": "Vanuatu",
    "hu": "Vanuatu",
    "it": "Vanuatu",
    "lt": "Vanuatu",
    "nb": "Vanuatu",
    "nl": "Vanuatu",
    "pl": "Vanuatu",
    "pt": "Vanuatu",
    "sv": "Vanuatu",
    "tel": 678
  },
  {
    "en": "Vatican City",
    "ca": "Ciutat del Vaticà",
    "da": "Vatikanstaten",
    "de": "Vatikanstaat",
    "es": "Ciudad del Vaticano",
    "fr": "Vatican",
    "hu": "Vatikánváros",
    "it": "Città del Vaticano",
    "lt": "Vatikano Miestas",
    "nb": "Vatikanstaten",
    "nl": "Vaticaanstad",
    "pl": "Watykan",
    "pt": "Cidade do Vaticano",
    "sv": "Vatikanstaten",
    "tel": 379
  },
  {
    "en": "Venezuela",
    "ca": "Veneçuela",
    "da": "Venezuela",
    "de": "Venezuela",
    "es": "Venezuela",
    "fr": "Venezuela",
    "hu": "Venezuela",
    "it": "Venezuela",
    "lt": "Venesuela",
    "nb": "Venezuela",
    "nl": "Venezuela",
    "pl": "Wenezuela",
    "pt": "Venezuela",
    "sv": "Venezuela",
    "tel": 58
  },
  {
    "en": "Vietnam",
    "ca": "Vietnam",
    "da": "Vietnam",
    "de": "Vietnam",
    "es": "Vietnam",
    "fr": "Vietnam",
    "hu": "Vietnam",
    "it": "Vietnam",
    "lt": "Vietnamas",
    "nb": "Vietnam",
    "nl": "Vietnam",
    "pl": "Wietnam",
    "pt": "Vietname",
    "sv": "Vietnam",
    "tel": 84
  },
  {
    "en": "Wallis and Futuna",
    "ca": "Wallis i Futuna",
    "da": "Wallis og Futuna",
    "de": "Wallis und Futuna",
    "es": "Wallis y Futuna",
    "fr": "Wallis-et-Futuna",
    "hu": "Wallis és Futuna",
    "it": "Wallis e Futuna",
    "lt": "Volisas ir Fut?na",
    "nb": "Wallis- og Futunaøyene",
    "nl": "Wallis en Futuna",
    "pl": "Wallis i Futuna",
    "pt": "Wallis e Futuna",
    "sv": "Wallis och Futuna",
    "tel": 681
  },
  {
    "en": "Yemen",
    "ca": "Iemen",
    "da": "Yemen",
    "de": "Jemen",
    "es": "Yemen",
    "fr": "Yémen",
    "hu": "Jemen",
    "it": "Yemen",
    "lt": "Jemenas",
    "nb": "Jemen",
    "nl": "Jemen",
    "pl": "Jemen",
    "pt": "Iémen",
    "sv": "Jemen",
    "tel": 967
  },
  {
    "en": "Zambia",
    "ca": "Zàmbia",
    "da": "Zambia",
    "de": "Sambia",
    "es": "Zambia",
    "fr": "Zambie",
    "hu": "Zambia",
    "it": "Zambia",
    "lt": "Zambija",
    "nb": "Zambia",
    "nl": "Zambia",
    "pl": "Zambia",
    "pt": "Zâmbia",
    "sv": "Zambia",
    "tel": 260
  },
  {
    "en": "Zimbabwe ",
    "ca": "Zimbabwe ",
    "da": "Zimbabwe ",
    "de": "Simbabwe ",
    "es": "Zimbabue ",
    "fr": "Zimbabwe ",
    "hu": "Zimbabwe ",
    "it": "Zimbabwe ",
    "lt": "Zimbabv? ",
    "nb": "Zimbabwe ",
    "nl": "Zimbabwe ",
    "pl": "Zimbabwe ",
    "pt": "Zimbabué ",
    "sv": "Zimbabwe ",
    "tel": 263
  }
]